time,x_0,x_1,x_2,x_3,x_4,x_5,x_6,x_7,x_8,x_9,x_10,x_11,x_12,x_13,x_14,x_15,x_16,x_17,x_18,x_19
-0.0819758998171452,-0.07887339716707131,-0.04881053438271936,0.0034403018088617204,0.05097173211522334,0.09430950439953505,0.13276823367390286,0.16549308625678566,0.19210723673302518,0.21271096436669715,0.22769801591604164,0.23757065399560354,0.2428326220946528,0.2439445830864862,0.24131115475384243,0.2352721208135685,0.22610636400390777,0.21403936708834542,0.19923620637505102,0.18179101668643263,0.1617496145682001,0.13948870889936152,0.11699157418205625,0.0962255941767371,0.07739109323920172,0.06033650523388134,0.044986216201161666,0.03131100882480411,0.019291869792736175,0.00890317302816495,0.00010580237277701965,-0.0071546626451392936,-0.012953798893288978,-0.017371313649089715,-0.020488264029513356,-0.022397786338710063,-0.02320179949286445,-0.023008256176594372,-0.021928460599108333,-0.020074222660581696,-0.01755859955314184,-0.014515636519597303,-0.011223504830579841,-0.008162563018921614,-0.005545207122948729,-0.003366027066077794,-0.001597724445206698,-0.00021524711566353561,0.0008086495670327962,0.001505216473864651,0.0019095803740059375,0.0020600914142672997,0.0019978411986041463,0.0017656094994687318,0.001406918216248655,0.0009688425331032546,0.0005416600741083527,0.00022599777496207777,1.4056693714694062e-05,-0.00011397132232704156,-0.0001736299576127837,-0.0001803836902845666,-0.000150074652612051,-9.847281120712456e-05,-4.141895994955066e-05,-2.5629732146487284e-06,1.3459979241109676e-05,1.5961880452199966e-05,1.2531323565139743e-05
0.45641946514244225,0.45633264169669513,0.4539226777704639,0.4461152198781468,0.4336559992248148,0.4170215480534696,0.39659802121043375,0.37269548081970255,0.34555476236347005,0.3153473784286643,0.2821662672070699,0.24600412702516083,0.20672807541323268,0.1642133205512748,0.11991940128148806,0.07875523692828235,0.04252240719441269,0.010781405264358057,-0.01679899804569406,-0.04038863824551542,-0.06024677700043983,-0.07640734719898118,-0.08898289075777271,-0.09815859181874263,-0.1041687919867177,-0.10727322755100488,-0.10773965729486736,-0.10583374557866203,-0.10181217837013362,-0.09592312280143916,-0.08840915351139866,-0.07950955663273146,-0.06946365201179584,-0.058515704926655455,-0.04692486687751343,-0.03499217341014414,-0.02313979181165561,-0.012047549055894783,-0.0024674383545140992,0.005315072364213606,0.01139992222350918,0.015968623964419528,0.019170505102057145,0.02114268776374317,0.022016839622323352,0.02192272642269145,0.02098978119586961,0.019347352102434892,0.01712532639765442,0.014454211889785625,0.011465595640704065,0.008294672767040372,0.005091890455358299,0.002069748224479284,-0.0004489080954593592,-0.0022857491172688276,-0.0035047906859462154,-0.0042064797103961845,-0.0044744042693317596,-0.004382761618311792,-0.004002020515425676,-0.003401067656148191,-0.0026480088190348338,-0.001810635357567615,-0.0009584159536982483,-0.0001743364670770888,0.0004166411295437458,0.0007565531723187916,0.0008970390708467113,0.0008892965565768149,0.0007741065120349282,0.0005883453958785223,0.0003669737287473608,0.00014380602932216388,-4.5340043753141324e-05,-0.000155305245664712,-0.0001844727040081698,-0.0001633413435200015,-0.00011398190084474364,-5.4397569088600586e-05,-5.293221926080979e-07,3.2408825488737525e-05,3.2954975353292906e-05
0.27340429230158003,0.27180182974596245,0.25451340356693075,0.22984059918006855,0.20262317464781374,0.17350634915061824,0.14308001314863128,0.11189321123659493,0.08045841100335246,0.04925676272633419,0.01874492072281273,-0.010630289133854269,-0.0384216534028755,-0.06424396136578014,-0.08750931578415574,-0.10762652485756363,-0.12408880615666878,-0.13655296574095416,-0.1448837160926966,-0.14914146297479328,-0.1495355864223355,-0.14637555653462248,-0.14002565236459227,-0.13089498740612354,-0.11941458488921641,-0.10601649918322124,-0.09112256866136062,-0.0751392425588871,-0.05845604950568177,-0.041446257609300735,-0.024468971488758137,-0.007870851871239617,0.008006783815283258,0.0228230988918618,0.036251657338769436,0.047903202944321856,0.05741633292932848,0.06450731950963916,0.06903058300752621,0.07100717547293582,0.07059918534474578,0.06805527340734284,0.06366255229920932,0.057724451544220526,0.05054398397421661,0.04241645558270429,0.03362720570542674,0.024451502797571863,0.015155437767539442,0.005997246926550752,-0.0027705841817014295,-0.010897950593279885,-0.018139703126798145,-0.02423634043077421,-0.028947063823775362,-0.03209448206336906,-0.033619320086040405,-0.03359904974912983,-0.0322082074808255,-0.029661958930645493,-0.026184767128848027,-0.021996392957312694,-0.017308181655731253,-0.012323062221257583,-0.007236488189231916,-0.0022375825095349543,0.002489539042302513,0.006763975709988487,0.010408116544703137,0.013245877835592328,0.015131127526674632,0.015993775108719136,0.015876431237506854,0.014910646117921207,0.013261920211014036,0.01109761036406679,0.008577223158369682,0.005851831625116173,0.00306530306247535,0.0003555090741425102,-0.0021446034319206027,-0.004306277737327663,-0.006004683781992399,-0.0071282485688841215,-0.0076108569880612795,-0.007472937850235763,-0.006813597488102858,-0.005759771548068017,-0.00443554821790498,-0.0029560396405689895,-0.0014285487294440071,4.5905491069664264e-05,0.001371583601877021,0.0024576224851845267,0.003219485650405541,0.0035920163794697585,0.003563580039684658,0.00319496911930389,0.0025815082945979152,0.0018165883366755252,0.0009842992757108054,0.0001611983707795944,-0.0005821233784173761,-0.001180448716327973,-0.0015750112609178436,-0.001722849979901176,-0.0016247194298179917,-0.0013366923654974782,-0.0009322085874055334,-0.0004769417679258734,-2.7990305850303778e-05,0.00036388658191088624,0.0006536082737998705,0.0008035401857237436,0.0007952407263280782,0.00065295509465465,0.00043086691037521544,0.00017960048560220995,-5.932379565942779e-05,-0.0002508014264814456,-0.00036566399757651587,-0.00038438426893894505,-0.00031300874894535873,-0.00018885151928483545,-5.0626393062861704e-05,7.21498427713841e-05,0.00015629416708790142,0.000184944207499283,0.00015430865305331593,0.00011622536610555133
0.08200007115291279,0.08489700252151278,0.11384521269125027,0.16474681027455848,0.21876794709717962,0.278513221401152,0.34571677646539406,0.41793485916714174,0.49196094850296235,0.5696287786608994,0.6553743274929389,0.7300418406174096,0.7975713359105933,0.8655374842277204,0.9278264897010744,0.9851760435892272,1.0381390720615582,1.086849570941533,1.1312046180832285,1.1709613320476937,1.2058016648474994,1.235392634516351,1.2594446707325078,1.2777562299969496,1.2902322424827095,1.2968764896249938,1.2977701566690445,1.293050222201366,1.2827665655185299,1.2669692675822923,1.2458169599724305,1.21960438412867,1.188776671817912,1.153904241788788,1.115618626251011,1.0745384912294855,1.0312175324065078,0.9861223049678091,0.939627922645349,0.8920112805861508,0.8434263874583771,0.7937839015087127,0.7422043551215951,0.6898720707707704,0.6484630356470684,0.6202391045247142,0.6013691557780584,0.5916850070832562,0.5924336715414181,0.6064214815287631,0.6399315568208261,0.6783245487398306,0.7182945700810165,0.7586127784142427,0.8023963736281533,0.8446228762165684,0.8847634818293194,0.9227044419846752,0.9582782748925761,0.9912661265276935,1.021414609845592,1.0484543418953016,1.0721156647219674,1.092146787950856,1.108332964350105,1.1205130452373284,1.128589653646537,1.1325315326180507,1.1323698476638517,1.1281904595266892,1.120063734829098,1.1081234428430102,1.0925928288592284,1.0737908326984138,1.0521230280812512,1.0280573515753826,1.0020940670785854,0.9747430048101231,0.946516565223502,0.9179411426939856,0.8895886115184937,0.8621319316408768,0.836428383147333,0.8135762328348802,0.794760205125339,0.7808539197081373,0.7722515460708558,0.7690478249131523,0.7712022150514781,0.7785929153952992,0.7909843325230625,0.8078346657686342,0.8281910232863914,0.8508048023377028,0.8744712883434139,0.8982515196745623,0.921461199953024,0.9435833323498701,0.9642036758974822,0.9829700709075957,0.9995776182306723,1.0137641697286184,1.0253121898319508,1.0340534555513952,1.0398738885422611,1.0427167757475257,1.0425838865586534,1.0395342955600049,1.0336560854112666,1.0251048159528966,1.014115604381929,1.001002634704944,0.9861492917225594,0.969992303476391,0.9530068939634604,0.9356988660499559,0.9186041802898818,0.9022890821843295,0.8873392421660592,0.8743243294847701,0.8637395442616873,0.8559531577208521,0.8511899555144584,0.8495469664996578,0.8510161164374765,0.8555045661853484,0.8628303481518363,0.8726675570712779,0.8845225790033662,0.897758873565456,0.9116888259312532,0.9256771660531385,0.9391913929161045,0.9518015725167884,0.9631604566946657,0.9729866404320112,0.9810552817335033,0.9871944634139116,0.9912848256468447,0.9932606303637889,0.9931112040768628,0.9908818079964378,0.9866639622190441,0.9806152980073864,0.9729658728613292,0.9640163570966482,0.954128900916028,0.9437124714947321,0.9332054354272913,0.9230560010633977,0.9136985933426838,0.9055270162779567,0.898868739092663,0.8939679715429173,0.8909814159674834,0.8899831460784865,0.89097145805897,0.8938755557046127,0.8985512443936476,0.9047569065131598,0.912144279172088,0.9202754126916257,0.9286760792650064,0.936900133687715,0.9445687225660272,0.9513779594195347,0.9570912438907067,0.961530667311253,0.9645716558031737,0.9661407401540439,0.9662154332357206,0.9648254654306246,0.9620502532697381,0.958028851826779,0.9529656724105174,0.9512563030561649
-0.09039372960503098,-0.08681204483271539,-0.06970245865011016,-0.05425681945644789,-0.04063441896953743,-0.02872116084720956,-0.01839925562143766,-0.00955515955548721,-0.0020798782588691044,0.004131569477042019,0.009180997740565152,0.013167356657626179,0.016184699954143345,0.018325083875071795,0.01967813634958523,0.020330791619990345,0.020367107279385746,0.019868134719414367,0.018908716708308286,0.01756149399857833,0.015897735398561166,0.013986926256937206,0.011897057447097348,0.00969783586270726,0.007476353654170848,0.005382646667331495,0.0035956760751631586,0.0021608012685497002,0.0010375027232586058,0.00018104206582297963,-0.0004455858348412216,-0.0008745826621407082,-0.0011354377662895904,-0.0012558579078084974,-0.0012621436638883135,-0.0011792620676106293,-0.001030747162132302,-0.0008386739348609999,-0.0006236028656777388,-0.0004051642548169146,-0.00020794829413439174,-6.715554531924097e-05,1.7565040933183098e-05,6.229258531403458e-05,7.851749801631304e-05,7.521536388791203e-05,6.002481652931007e-05,3.946666826719615e-05,1.8959982323149597e-05,3.130255421894456e-06,-3.795224563163961e-06,-4.876452476892294e-06,-3.469378220892165e-06,-1.4770019348202612e-06,-5.598331600922992e-08,3.0575286701834966e-07,1.4256522813520204e-07,1.9420075836789465e-09,-1.6197356127606927e-08,-1.117146321737249e-09,1.4879701971966843e-09,4.756744956471646e-09,1.916939327058643e-09,-2.4994178365564293e-09,-3.9779740604221284e-09,-2.0300063567932503e-09,8.484265471400254e-10,4.7766634056609335e-09,6.3023187796727725e-09,8.067205376896364e-10,-3.836634506980121e-09,-3.67468363170415e-09,-9.126520292435172e-10,2.1482153103579192e-09,3.7301390950496175e-09,2.0563483756228477e-09,-6.337508952945865e-10,-4.996860178803041e-09,-3.3437652697430324e-09,-1.890132218301754e-10,4.828190987212987e-09,3.197137358402118e-09,2.4316513505241393e-10,-2.8715740714484557e-09,-3.2297013179034894e-09,-1.0757929036792702e-09,1.7879289600810198e-09,3.899358419844702e-09,6.176648902434775e-10
-0.20214547082918785,-0.20242767909492596,-0.20627192861551555,-0.2144448915542416,-0.22622239883593953,-0.24201995225203984,-0.262220034385875,-0.2871982466161268,-0.31720827347960134,-0.35228440557298807,-0.39228141379197345,-0.43713481486846817,-0.4872593703885356,-0.5435017881525113,-0.5925567277111572,-0.6381510439320749,-0.6844971664616807,-0.7273168331686329,-0.7667966974732072,-0.8032178515238665,-0.8366656367195258,-0.8671193692525007,-0.8945003010991212,-0.9186995254930354,-0.9395973919089817,-0.957078595220921,-0.9710441177810034,-0.981420111446314,-0.9881637985181903,-0.9912671080305147,-0.9907596000012129,-0.9867078285737549,-0.9791858756275587,-0.968363634347515,-0.954528521436846,-0.938075725986772,-0.9194704202073811,-0.8992034631628678,-0.8777637530190142,-0.8556346683811548,-0.8333090958939463,-0.8113144353698781,-0.7902445685135893,-0.770768242770424,-0.7535783951527825,-0.7392768834653156,-0.7282793014401645,-0.7208135257867757,-0.7169705317760662,-0.7167388287950642,-0.7199991218925144,-0.7264911269849554,-0.7357493723058723,-0.747127068486124,-0.7599118815319075,-0.7734450182698245,-0.787173911143228,-0.8006506403315725,-0.8135131500884464,-0.8254654438654585,-0.8362614167051468,-0.8456969233550918,-0.8536042936366226,-0.8598495274468779,-0.8643316787280263,-0.8669844194747247,-0.8677803277468565,-0.8667389378289136,-0.8639358717987279,-0.8595225733955845,-0.8537451715679805,-0.8469294595084167,-0.839443277534819,-0.8316570224548663,-0.8239191315325239,-0.8165452267095321,-0.8098149244614471,-0.8039689628754789,-0.7992055272097622,-0.7956768596194572,-0.7934865012757185,-0.7926862416470863,-0.7932702012280916,-0.7951634178317755,-0.7982021524107463,-0.8021218930795461,-0.8065915555788281,-0.8112790162500972,-0.8158979370038324,-0.8202181234811435,-0.8240578810150991,-0.8272748284819268,-0.8297602447358491,-0.8314364218714666,-0.8322568203693181,-0.8322095327425328,-0.8313254240400896,-0.8296909928745049,-0.827463115805239,-0.8248592401463415,-0.8221161321740593,-0.819447382016598,-0.8170263116947055,-0.8149873788575089,-0.8134310103632563,-0.8124264062220554,-0.81201176796382,-0.8121914300290061,-0.8129281396082774,-0.8141294527359416,-0.8156403006315147,-0.817271477025587,-0.8188505331385973,-0.8202463351828694,-0.8213655874023048,-0.822144771399492,-0.8225460556957783,-0.8225571740729732,-0.8221955169568821,-0.8215175322162158,-0.8206283803602843,-0.8196667318480413,-0.818761686982007,-0.818007365112339,-0.8174653377534166,-0.8171716361023788,-0.8171393893487445,-0.8173569937175751,-0.8177810710487756,-0.8183282974260538,-0.8188913192774261,-0.819379840917781,-0.8197368941432821,-0.8199315731010985,-0.8199532632278853,-0.8198115909798119,-0.8195414849406087,-0.8192089025951143,-0.8188934118920228,-0.8186531295455788,-0.8185180178359956,-0.8184980479780749,-0.8185860188348713,-0.8186950072495299
-0.28887491553026934,-0.28554650730224557,-0.25411222363881264,-0.2197230237028872,-0.1896693158875875,-0.16314638381898414,-0.13960399072512383,-0.1186072157305755,-0.09979770071894725,-0.08286902622508119,-0.06755044308864445,-0.053595379027653475,-0.040772732250941385,-0.02885977706046697,-0.017635970647610116,-0.006877272805124913,0.0036490950544104447,0.014189107024863892,0.025037958265937944,0.03649057371679488,0.048857080236132985,0.062457685412322286,0.07761057430310932,0.09462633331246716,0.11381563687876689,0.13550694948068964,0.1600656386838917,0.18790959396930182,0.2195198325060661,0.2554404747836431,0.29624945620783966,0.342465111476273,0.3943796809070613,0.45196820418403816,0.5151352634771506,0.5842236904702567,0.6605309579779923,0.7466644950162009,0.8250179333517575,0.8979467856772375,0.972792619629278,1.0429018432650252,1.1088129996748985,1.1710261819780565,1.229618878176736,1.2844124060425548,1.3350532664934363,1.3810631485249025,1.4219007083262034,1.457047318389487,1.486096294681367,1.5088052024745322,1.5250922996397558,1.534997118492455,1.5386365563640227,1.5361730345252496,1.5277136396801925,1.5131703450529626,1.4925185250539088,1.4658391059696445,1.4333809803192032,1.3956253804269463,1.3533002438614499,1.3072941246892915,1.258503270568619,1.2077111378443013,1.1555488485852985,1.102509424838096,1.0489730366696841,0.9952235376667109,0.9414112368860023,0.887388106826207,0.8324397994348092,0.7882934220084614,0.7599114098322391,0.7426891476457314,0.7359089024654087,0.7401917079062578,0.7568294431024493,0.7877189169947205,0.8330840606830401,0.8762876892777013,0.9253346270681706,0.9736140159435962,1.0202557315426866,1.0650965773411116,1.1079151994849143,1.1484324442992375,1.1863286325328446,1.2212530198705156,1.2528509850952587,1.280788816805805,1.3047798832852555,1.324605416930671,1.3401238365906372,1.351267664625024,1.3580322068796968,1.3604617229959588,1.358637223756156,1.3526290510262058,1.3424420172836902,1.3281311771071558,1.3098207016086867,1.2877284299093767,1.26218926638895,1.233665739293249,1.2027337982070558,1.1700459471388545,1.1362928624289805,1.1021889298420398,1.0684934230316976,1.0360569609467591,1.0058606556092038,0.9789608093454824,0.9562858451326235,0.9384450520464475,0.9257368707370562,0.9182725017009721,0.9160687024566805,0.9190837798163128,0.9272780463726755,0.9406082686301276,0.9588656758929364,0.9815411581198557,1.0076514899585276,1.0357990274389386,1.0646018886200779,1.0930212120635954,1.1203417343679054,1.1460477098899189,1.1697337424823735,1.1910650157121696,1.2097680187378643,1.2256285538242817,1.2384906613986273,1.2482534083123396,1.254865295614608,1.2583174331313476,1.2586368761250275,1.255881163460436,1.2500894030208551,1.2413193369768212,1.2296781818953237,1.215335980287924,1.1985439786367893,1.179654893243116,1.159140328382634,1.1375978508054883,1.115738673045435,1.0943457073680254,1.0741954988476938,1.0559692534556964,1.0401930955839145,1.02723006994931,1.0173088835828263,1.010560047384737,1.0070431570944391,1.0067631541289341,1.0096785339598064,1.0157426658087325,1.024861549348335,1.0368506306227676,1.0513845973976537,1.0679243530826754,1.0856848964630192,1.1037555911688604,1.1213227843721214,1.1377879225128622,1.1527419025860526,1.1659001303464565,1.1770606183208412,1.1860818219106108,1.192870695650554,1.1973751395264123,1.1995784980199478,1.199495394740764,1.1971682667553476,1.192642288492873,1.1859938297800525,1.1773434360636779,1.1668698463108056,1.1548317699730837,1.141598984955008,1.127683004607146,1.1137284405087098,1.100416260965556,1.0883207927323653,1.0778435938847475,1.0692392849650474,1.062664259803644,1.0582099608249746,1.0559200262556563,1.0557984793591035,1.057813435292661,1.0619149759301842,1.0680134300785247,1.0759577908882152,1.0855043975214367,1.0962643418530578,1.1076628429076043,1.119012241652326,1.1297046346500064,1.139325590508303,1.1476210941606653,1.1544336050235167,1.1596635586261204,1.1632518922327522,1.165172131534376,1.1654263891421357,1.1640432658495623,1.1610682147524074,1.1565724964447714,1.1506660793625825,1.1435109994248032,1.1353468335612333,1.1265302372175918,1.1175592131370666,1.1089995411405051,1.101320693921236,1.0948193886200197,1.0896628435339264,1.085944985005878,1.0837151255586213,1.0829889031743933,1.083752105923929,1.0859650050035663,1.089562032573622,1.0944357777638924,1.1004186191072163,1.1072450574512913,1.1145039377996457,1.121665769246109,1.1282513385361403,1.1339549663912765,1.1386111950609281,1.1421295836707455,1.1444611326094216,1.1455861087370067,1.1455098495723566,1.1442612180516845,1.1418881610287446,1.1384669477747884,1.1341115830201738,1.1289922946372888,1.1233709980172837,1.1176708535623496
-0.006789642639226788,-0.008786410756887512,-0.028086602090351794,-0.052466564607393434,-0.07424759500922033,-0.09310941620705804,-0.10860550873698435,-0.1204343367794139,-0.12846832252717386,-0.13275243629571531,-0.13347252121936026,-0.13091305692149444,-0.12541406108033615,-0.1173534487373919,-0.10712702548833025,-0.09513057713262155,-0.08175152034447124,-0.06736567949967695,-0.05233659298323025,-0.037016075558717124,-0.02174541729523788,-0.006856220242144181,0.007324236904148402,0.020470269875284785,0.032264280692859866,0.042356063579556784,0.05043592674074252,0.05628085295428618,0.059801755402243015,0.061056772569762906,0.06022033611571284,0.057533653982068056,0.05326690728464462,0.04769980854974412,0.041109051580250106,0.03376368212325033,0.025924007067311794,0.017841892761339174,0.009761678785973775,0.0019210509807823378,-0.005446434274644509,-0.012110852810762816,-0.01784213586162977,-0.022415699250296513,-0.025651553807860085,-0.0274610921561408,-0.027877922324123183,-0.027037695337533935,-0.025128056074443076,-0.02235194400785865,-0.01891088509896438,-0.014999385348500482,-0.01080422480218592,-0.006505073222069982,-0.002275373890736526,0.0017167005378949714,0.005306922581588963,0.008335646051797277,0.01064989685766614,0.012129734342587017,0.012729770242353807,0.012504239232028301,0.011578460318949829,0.01010182623072279,0.008223069690127396,0.006083539285972679,0.0038170437778182187,0.0015508304548714287,-0.0005935446503817694,-0.0024994676168947133,-0.0040555309324130165,-0.005159125155684222,-0.005736719997713041,-0.005780315065770686,-0.005359108345468194,-0.0045812026544391855,-0.0035577706520059796,-0.002392397084303801,-0.0011810142969079205,-1.3155032929708377e-05,0.001027257098011938,0.0018618438828763898,0.002420240892440865,0.002653986224838915,0.002566644332396795,0.002220624753663536,0.0016996165002310037,0.001082470786953609,0.00043974576360460854,-0.00016472143211112102,-0.0006729149743995765,-0.0010330171964734822,-0.001204085263305935,-0.001174648439933898,-0.0009818401824692154,-0.0006875478665687413,-0.000349408100185233,-1.6690737949551378e-05,0.00026779913353209314,0.00046723746705811225,0.0005531700004360293,0.0005178349406775238,0.00039046180907333354,0.00021719724148464828,3.749965902741047e-05,-0.00011684318973570869,-0.00022004118559179077,-0.00025364128455472633,-0.0002157430298422986,-0.00013207490328782077,-3.5632126775218714e-05,4.8780049990024995e-05,0.00010283513842365871,0.00011461227917550837,8.508506237912036e-05,3.514592356443175e-05,-1.29956148538671e-05,-4.498613186351299e-05,-5.2222529976463955e-05,-5.105345321861362e-05
0.2342705454737598,0.2344543482666536,0.23762088352605415,0.24461163593129862,0.2552423134157547,0.26982745939423014,0.2887066978991648,0.3122559820883747,0.34082126543918373,0.3746355515578548,0.4137797065186388,0.4582893074119753,0.5084526456999504,0.565077168426539,0.6191992476035868,0.6694241071780416,0.7210064188689377,0.768835465364823,0.8131619402372117,0.8543941374119652,0.892675539519178,0.928010501748889,0.960328266724993,0.9895163827810133,1.0154427736484202,1.0379724848922336,1.056980921949009,1.0723637160513286,1.0840429683686288,1.0919700493872588,1.0961259600260334,1.096521180329103,1.0931979050604603,1.086192533341812,1.0756247705882476,1.0617660317332398,1.0450528207887468,1.0260439584645684,1.005341909702043,0.9835325478619439,0.9611677434876286,0.9387762775099316,0.9168794398228303,0.8960114811159905,0.8767135259211077,0.8595065665156079,0.8448493472124354,0.833103254013026,0.8245213796034392,0.8192573783318758,0.8173760909100664,0.8188487525138871,0.8235238905488673,0.831063260274796,0.8409098277071247,0.8523841974623384,0.8648259847780709,0.8776727698961642,0.8904680630291398,0.9028425007771954,0.9144964812051884,0.925180334457624,0.9346871658457234,0.942846703917156,0.9495212924772664,0.9546034162337015,0.9580145861508277,0.9597059939485266,0.9596623094684463,0.9579115159560122,0.9545404686691499,0.9497397361720389,0.9438205420804506,0.93717475572902,0.9301975250052479,0.9232354888118744,0.9165769899916195,0.9104609840165954,0.905086310270047,0.9006158352776915,0.8971781949265015,0.8948680436625148,0.893744918079808,0.8938291675216293,0.8950907272374825,0.8974249494383449,0.900615817149927,0.9043496575760804,0.9083002624519437,0.9121993101127158,0.9158443554183381,0.9190821125628994,0.9217948161672986,0.923893289949757,0.9253136068194656,0.9260161602819916,0.9259874637665734,0.9252471890220334,0.9238652520750631,0.9219898870443574,0.9198422986164662,0.917649001268296,0.9155865502666548,0.9137809735517389,0.9123231556142343,0.9112777087491292,0.9106863102477983,0.9105678576268592,0.9109149089367389,0.9116821287089579,0.9127629560063759,0.9139892721216812,0.9151952731418743,0.9162648902063157,0.9171235513268126,0.9177229235254105,0.9180346147281598,0.918048962690782,0.9177777516475988,0.9172645060115936,0.9166026402146926,0.9159195078483713,0.9153161286450052,0.9148516144768883,0.9145591410888874,0.9144543062450138,0.9145362850513339,0.9147840174754955,0.9151438487556002,0.9155261388444818,0.9158521512354663,0.9160806444165234,0.9161933225444486,0.9161863569703889,0.9160702742948373,0.9158760849736854,0.915663498051628,0.9154916776490648,0.9153882540086116,0.9153611119382473,0.9154063084279597,0.9155067376474587,0.9156253288766176,0.9157174675635832,0.9157632656339254,0.9157606679583272,0.9157172677535647,0.9156609064075202
0.004053928351045426,0.004270604408308677,0.006495097948353078,0.009510398340719237,0.01299518872486867,0.017111708054726702,0.021993619099521956,0.027769188158373342,0.03457233846148785,0.04254879448335426,0.05185838322218435,0.06267662958391104,0.07519699189514283,0.08963406560439965,0.10622792139330459,0.12524982844635743,0.14700967016712566,0.17186521848765907,0.20023272599982458,0.23259604363384148,0.26950540876656137,0.31154386020077485,0.3592242746160305,0.4128158959400437,0.4722736956258005,0.5375312657601354,0.609038957036629,0.6883098631611733,0.7780861815986443,0.8574852593266424,0.9402500584461889,1.016568092278365,1.0877365984139509,1.1548865950846556,1.2184394613169238,1.2783918413439237,1.3344989166574508,1.3863340080444055,1.4333327676286869,1.4748625465468885,1.5103289248946188,1.5392854150871502,1.5614877635676672,1.576874760665326,1.5855120579430653,1.5875400463549927,1.5831408471345367,1.572349684071332,1.5550712374944489,1.5313021560638012,1.5011781720793391,1.4650573827244662,1.4235907632408014,1.3776971314276234,1.3284051562967083,1.2766638352381265,1.2232443213698672,1.1687392135315242,1.1135991764066595,1.058167373873996,1.0026858056602432,0.9472367238018905,0.89148935187948,0.8349635275194407,0.7945769262239789,0.768887800385721,0.7542911197813995,0.7505953386272523,0.7586795697509395,0.7801706447506224,0.8171228733695303,0.8603437234617891,0.9054754030925719,0.9561914023854242,1.0059945798915195,1.0541172582067433,1.1004008983695506,1.1446144702675298,1.1864653142905248,1.2256098146233962,1.2616693969083703,1.294257978346904,1.3230108439471433,1.3476158139033776,1.3678376849322147,1.3835282253502998,1.394621087725557,1.4011175102791023,1.4030700371483826,1.4005689299964856,1.393675137844892,1.3823943503743346,1.3667912834006966,1.34700880701652,1.3232963888396043,1.2960356431697058,1.2657474864800853,1.2330676005712788,1.1986974588463446,1.1633598804607541,1.1277866290069605,1.092745584403442,1.0590941317734603,1.0278260115313167,1.0000219437513789,0.9766419686668913,0.9583181748991149,0.9453556350889283,0.9378620018835087,0.9358469100654941,0.9392603850727042,0.9480636116944293,0.9622077696900396,0.9814661373447715,1.0052914441628922,1.0326447178410358,1.0620828112834881,1.0922035214977297,1.1219552367104466,1.150605278743732,1.1776156346220306,1.2025564173078,1.2250675724049978,1.2448516352925827,1.2616736907163517,1.2753616689067928,1.2858035524816154,1.292941334554331,1.2967632684098733,1.2972962120692009,1.2945993550751682,1.288715411255424,1.2797001813858115,1.2676613362514184,1.2527720752849947,1.2352905972920987,1.215580920099722,1.194129213907904,1.1715475898372585,1.1485585436973291,1.1259554902916682,1.1045348678607392,1.0850149391740405,1.0679710981615802,1.0538138100313714,1.042807668381363,1.035106574918088,1.0307843865872828,1.0298547118488852,1.0322814998918246,1.0380142982555551,1.0469709128494082,1.0589809052417045,1.0737410532425944,1.0907451998854125,1.1092376032452713,1.1282965330166428,1.1470460657050092,1.164807329700677,1.1811042916594643,1.1956027183267433,1.2080638300581834,1.2183181493340194,1.2262512168522282,1.2317945844427527,1.2349192172448094,1.2356303911448618,1.2339639341083117,1.22996720507721,1.223704807005576,1.2152849944089812,1.2048710703259862,1.1927006367191213,1.179113386001126,1.1645829913834778,1.1497275288966367,1.1352501070793253,1.1218046889154571,1.1098888705939531,1.099833884148522,1.0918478590098821,1.086056885450995,1.0825293794521345,1.0812885368544416,1.0823184263016286,1.0855740144356802,1.0909868144302872,1.098434033761883,1.1077159705504989,1.1185138818642555,1.1303359139568503,1.1425173071987504,1.1543602058338196,1.165314380471121,1.1750216345546263,1.1832595701914246,1.1898872605075639,1.1948162720393187,1.1979972833261001,1.19941353980444,1.1990773168912638,1.197026409047523,1.193314229461088,1.1880275484043572,1.1812968372862283,1.1733133898084407,1.1643593803037513,1.154847683170923,1.1453265527113965,1.1363726578903917,1.1284333961838504,1.1217846989114562,1.116583748135439,1.1129194266234939,1.1108367157717918,1.1103461899378384,1.1114274561983009,1.1140353463052193,1.118095295284499,1.123486774145303,1.1300225238415629,1.1374081159281884,1.145197981531206,1.152839035918976,1.1598450679593606,1.165906951249088,1.1708544572525006,1.1745930299347727,1.1770711639083815,1.1782681322671507,1.1781895359733328,1.176865559532812,1.1743458417063783,1.170709405185742,1.1660742432609437,1.160615517884806,1.1597847233804017
-0.3470411695007194,-0.3456918982779023,-0.3308661303486202,-0.3076266026452073,-0.28097703469846746,-0.2514635010619739,-0.21963615831659028,-0.18604301729687694,-0.15123626962884326,-0.11577639456345037,-0.08023180716541392,-0.045176917954960163,-0.01119719487694426,0.021109811700069023,0.051132290033002875,0.07819808564299,0.1015757979169198,0.12071585319081204,0.13533684798612752,0.14543649998071298,0.15122326615260423,0.1530266598370404,0.15123077789877576,0.14623542415944105,0.13844009355278925,0.12824073176950845,0.11602513991432273,0.10217247621109954,0.08705421166080787,0.07103540954910789,0.05447602428292868,0.0377324008895921,0.021158369877432987,0.005110903232189538,-0.01004185090308853,-0.02391020996625659,-0.036062540255144715,-0.04605202854633462,-0.053557926807857516,-0.058489576423142974,-0.060970942149419956,-0.06124048868109865,-0.05957228297934637,-0.05624118661643951,-0.051515328464925826,-0.045654942912219484,-0.03891278932530458,-0.03153526663042425,-0.023763585751320926,-0.01583510198114168,-0.007985065019426781,-0.0004499647401748014,0.00652618306368249,0.012684205678370789,0.017742759740768384,0.02145073433378023,0.023698282606034307,0.024558727532861667,0.024207442553678318,0.022841334264860423,0.020650513373996395,0.017815477114168945,0.014508742958645706,0.01089678442886544,0.007141586025618902,0.003402149503603137,-0.0001634535212332428,-0.0033941964979361016,-0.00612102597313902,-0.00816849512061759,-0.009406889818025026,-0.009837113749687942,-0.00957222437644633,-0.00875334262113976,-0.007513773102443699,-0.0059766350687894725,-0.004257748647174788,-0.002467859919443313,-0.0007142224118446084,0.000897644360308623,0.002261141481495528,0.0032668995049807666,0.00382373580602134,0.00392527327402467,0.0036541707835666846,0.003110965497672558,0.0023859188008085257,0.0015603373621247236,0.0007097815378444357,-9.413645204431678e-05,-0.0007822708536695763,-0.0012863874338289796,-0.0015456887415602793,-0.0015490461089500138,-0.0013544852447956808,-0.001032695522057412,-0.0006437224316637657,-0.00024014798525214903,0.00013013610331230727,0.00042266110152740596,0.000596177614967444,0.000624902032282703,0.0005326377516938951,0.00037005108393925787,0.0001792872916835643,-5.150659138308811e-06,-0.00015331269814088656,-0.00023916805904542745,-0.0002456593654425272,-0.00018772217314196832,-0.00010050952020595992,-1.0826489298444678e-05,5.0654475843140695e-05
-0.16767024672090297,-0.16837358349203355,-0.1738871389732568,-0.17706085797467397,-0.17646666824075002,-0.17249204949924266,-0.16552559190990296,-0.1559499875352351,-0.1441398057108964,-0.13046253214359105,-0.11528108773515332,-0.0989566554148634,-0.08185137036328785,-0.06433091352059282,-0.046765929243091225,-0.029536523362419763,-0.013041953630216648,0.002295377511748133,0.016037448743827124,0.027785877435017342,0.03728218813330745,0.044443124782194685,0.04933303579439329,0.05210743621470849,0.05296691361175464,0.05213081179315987,0.04982407110415668,0.04627096577298253,0.04169355983107425,0.03631084570635833,0.030338754431576825,0.02399064652900674,0.017478354201568232,0.011013842024500474,0.004812911601262348,-0.0008994435272860748,-0.005888787541584654,-0.009935956391823621,-0.012903085042651238,-0.014778285620473805,-0.01564739249539321,-0.015639177244755723,-0.014893009431794283,-0.01354741374602172,-0.011737649293646147,-0.009595446834653763,-0.0072493032445814665,-0.004825051342364649,-0.00244688780682859,-0.00023938548772552658,0.001670184742108866,0.0031578166538544393,0.0041384422694881705,0.004611182301757093,0.004643011895576965,0.004322028766385126,0.003735629349571303,0.002966719796917993,0.002094033188613492,0.0011927589013458928,0.00033521660628022844,-0.0004081395156232631,-0.0009691389853082106,-0.0012963009318346227,-0.0013894981660592855,-0.0012957457797193423,-0.001071625271132904,-0.00076913465336808,-0.00043542079530795865,-0.0001136748028448863,0.0001563699998585846,0.0003388850776411633,0.00041119926410654865,0.00038556446735462134,0.0002968349326003591,0.00017769424734830836,5.554199076435377e-05,-4.6336599578227384e-05,-0.0001087847803003676,-0.00012129634741106503,-9.475787274566388e-05,-5.088013867850077e-05,-6.690611208547924e-06,2.5202076293641123e-05,3.643729829645934e-05,2.7638466103923424e-05,1.0878859132849162e-05,-3.7966009947057286e-06,-1.0638731892444659e-05,-8.11134181371639e-06,-1.7893491416418208e-06,2.5315886013078085e-06,2.832216559858843e-06,5.188435012322824e-07,-8.784293887064096e-07,-9.237755412414707e-07
-0.06946328315230779,-0.06974239924926597,-0.07135729217220001,-0.07102776691613563,-0.06901045250442607,-0.06553761740354373,-0.06083826103001141,-0.05513804003241368,-0.048659327043279285,-0.04162158212394945,-0.03424207887945131,-0.026737188774091224,-0.019323088362207242,-0.012221427186729594,-0.0056592578126896135,0.0001408331336235566,0.004993268992115358,0.00879800433967805,0.011551646051603739,0.013318326500717884,0.014200040653957123,0.014314071451844608,0.01378182732015716,0.012723622980222624,0.01125694448813772,0.009496064803981366,0.007551844860802549,0.005531881578958019,0.003541036134727223,0.0016826089727474932,5.86580860880584e-05,-0.0012380497456037191,-0.0021504370720626096,-0.0026807885387973955,-0.0028763208578272085,-0.002800626300480122,-0.0025185928961280416,-0.0020921793645097965,-0.0015797083084557097,-0.0010357863296168563,-0.00051138545444971,-5.4041620906952975e-05,0.0002932911246623214,0.0005021640058381496,0.0005767852320915244,0.0005474480368199532,0.00044904822980907494,0.0003132103818661407,0.00016767642925267516,3.642824387691497e-05,-6.050793768535797e-05,-0.00010954041699037875,-0.00011273133671625559,-8.690711828948583e-05,-4.9042928861611497e-05,-1.2302707892772278e-05,1.36455768198611e-05,2.323367000011761e-05,1.8626768667917305e-05,8.542337916425272e-06,-3.714311261526277e-07,-4.5204295417413405e-06,-3.500626025213926e-06,-7.807787146473859e-07,8.081493729758443e-07,6.723886103309847e-07,-1.270186466534606e-08,-1.718690541868964e-07,-1.2743814417139386e-09,2.3383752209233883e-08,-1.3986598802867249e-09,9.411135755141723e-12,4.540324599916316e-09,-1.8093829080348366e-09
-0.09564860182829057,-0.09378148637280614,-0.07514361425609077,-0.04067345274438657,-0.007126503026504999,0.02528292734659686,0.05610914639358149,0.08494922677457273,0.11109755367635614,0.13381039156022367,0.15232411911643656,0.16597682194493418,0.1744354966128589,0.1778246735277307,0.1765915370780154,0.1712894385458568,0.1624596596095307,0.1506183941053847,0.13625138518839952,0.11981845321767019,0.10175968729578003,0.08250033151361978,0.062454032300234705,0.04202479786931998,0.021608228957899513,0.0015922628230856176,-0.017639606361934644,-0.035742821743956696,-0.05233291822127345,-0.0669068232423574,-0.07891062296128812,-0.0877835069229971,-0.09315233078709281,-0.0950490225218019,-0.09382986480459286,-0.0899413587759071,-0.08380626426835087,-0.07581238725983658,-0.06631824188491171,-0.05566118708715899,-0.044163403990470716,-0.032135759821966495,-0.019880391583398004,-0.0076927835678926824,0.004135952086772213,0.015314899362684698,0.02557081725694106,0.034563220571172115,0.041904961689119,0.04718025029289223,0.050085937866292604,0.050654309682061,0.049191549825084,0.04605294057834698,0.04155814678206246,0.035992182262414484,0.029616703556434136,0.022678164071728537,0.015412656834742848,0.008048964194524312,0.0008109581290430537,-0.006079585233329673,-0.012402855812531251,-0.01792380104296796,-0.02236998422432623,-0.025441863089075558,-0.026909871453982673,-0.0268158524525005,-0.02541975673016619,-0.022997785522813143,-0.019787086872519215,-0.015996241511607136,-0.011817084390960526,-0.007431178292014015,-0.003013409275843785,0.001265457469112381,0.00523588751380553,0.00872752370975483,0.011551470949515122,0.013496435508381187,0.014374411049628276,0.01418953961401839,0.013144226417838977,0.01145541789959804,0.009302462373293432,0.00684093890431641,0.00421379115849,0.001556542914407104,-0.0009998058600800405,-0.003326162977441235,-0.005292246067498275,-0.0067557878749829195,-0.007564109940600211,-0.007632072418239175,-0.007065005739755648,-0.00604180048278569,-0.004709420056646865,-0.00318933136170593,-0.0015908869240946345,-1.6825191602944274e-05,0.0014339819790807227,0.002664061005749319,0.003572102116622949,0.004049721750410799,0.004029565626846527,0.003592823243671048,0.00327855255538214
0.01629510734241729,0.015511924750315821,0.00806283174437199,-0.0011839769500766126,-0.009628993832601067,-0.017535583057344616,-0.025038199155964586,-0.032268937072633945,-0.03936326840467904,-0.046462841648393594,-0.05371914655265609,-0.061298213510194426,-0.0693869368851812,-0.07820166311183832,-0.08800066429391501,-0.09910404271025805,-0.11192860911887734,-0.12705963803870102,-0.14543285871449224,-0.16894121691132416,-0.19492817519740718,-0.22119031107335618,-0.2503639748541489,-0.28039429175606567,-0.31149275458255615,-0.34396856707684653,-0.3781547586492009,-0.4144519245166098,-0.4525691134050419,-0.4850521940932419,-0.5171741958124892,-0.5461127680608284,-0.5721171110212778,-0.5954866456781583,-0.6163480909374782,-0.6347326866190028,-0.6506141666294696,-0.6639308534403828,-0.6746070730637787,-0.6825870420075263,-0.6878864843008565,-0.6906385560827363,-0.6910912374357971,-0.6895561525977335,-0.6863545934099349,-0.681790187486414,-0.6761436168013836,-0.6696770574233748,-0.6626415616230934,-0.6552851560661033,-0.6478616651795744,-0.6406409475414488,-0.6339205497710848,-0.6280216397677135,-0.6232393851517443,-0.6197504852474992,-0.6175719283968228,-0.6166066797201161,-0.6167020193581948,-0.617681513387932,-0.619359699605996,-0.6215496585966789,-0.6240683781686759,-0.6267407007239504,-0.6294019102419125,-0.6318991294972878,-0.6340914821999925,-0.6358524315149109,-0.6370825569948481,-0.6377425951028799,-0.6378778013055222,-0.6375896964226372,-0.6369926648775794,-0.6361953529598973,-0.6352978374771725,-0.6343922535972433,-0.6335633410264482,-0.6328880439407434,-0.6324307247780256,-0.6322238275417664,-0.6322432903405311,-0.6324260004118277,-0.6327046752157991,-0.6330195892457455,-0.633319268092701,-0.633560428433317,-0.6337094975363371,-0.6337512435196615,-0.6337045456403793,-0.6336091825245118,-0.6335009373914143,-0.63340744949124,-0.6333488051517964,-0.6333351698818759,-0.633341244833612
-0.3989330642342532,-0.40080745865765366,-0.4182920187740815,-0.44479381154464487,-0.46305894828768096,-0.4736931727936988,-0.4774407842289275,-0.4751306796459063,-0.46752552851242485,-0.45525542693617277,-0.4388318132872003,-0.4186562240331796,-0.39503550618928773,-0.36819146080610055,-0.33826046396856635,-0.3052781449390506,-0.2691357437094534,-0.22946598144771752,-0.18529785215419203,-0.13373657239615894,-0.08610322807082657,-0.0422335920438548,-0.003989821600103881,0.029743067198355226,0.05921321848653635,0.0843641861222667,0.10493237890131711,0.12088553388066017,0.13243103566581077,0.13992706802193608,0.14378421636847494,0.14440365071956357,0.14215172746146149,0.13735311097376035,0.13029706217309672,0.12124677625207944,0.11044699217821181,0.0981315218772269,0.08453054785387071,0.06987839130354592,0.05442494968129878,0.038465815615153956,0.022467840015683506,0.007450313660162758,-0.0052257772671910774,-0.015218691021416033,-0.022866703629848932,-0.028472286177524394,-0.032266330978566356,-0.03444519833391526,-0.03518852922668211,-0.03466698871817448,-0.03304573626649856,-0.030486253740761398,-0.027148289657998027,-0.0231905940036933,-0.018771399390313113,-0.014049061153273337,-0.00918521073394051,-0.00436596900571769,7.006949669198861e-05,0.003532016573029322,0.0059068025234265305,0.007401475800000184,0.008176493954985174,0.008348859083998302,0.008018954634436535,0.007280579323293857,0.006224633021643574,0.004940544442219722,0.003516777545586367,0.0020416577641823356,0.0006092138585863764,-0.0006321384011825565,-0.0014450693661171756,-0.0018587182537058435,-0.0019818887049326676,-0.0018858656811054431,-0.0016271574247754207,-0.0012574706664988155,-0.0008262401233890934,-0.0006805249087115406
-0.28895136890616485,-0.28791642152412256,-0.2814735205166187,-0.27323070174068476,-0.2634588539475373,-0.2524458097847332,-0.2404590679432721,-0.22774462263442025,-0.21452598469708495,-0.20100378187361345,-0.18735589003981812,-0.1737325099964595,-0.16026771059623665,-0.1470775418618918,-0.13425957704608144,-0.1218944114809727,-0.11004718808894601,-0.09876912225604215,-0.08809898092764441,-0.07806448569609721,-0.06868362136684494,-0.05996584053486802,-0.05191316133637782,-0.04452116013288842,-0.03777986390235028,-0.031674548955288526,-0.026186453647260827,-0.021293413320786846,-0.01697042607140604,-0.013190158350573175,-0.009923400283045473,-0.007139482532060242,-0.0048066710830063555,-0.0028925672239947502,-0.001364568462114648,-0.00019052943259415867,0.0006599613095456526,0.0012124343020465242,0.0014849913430202005,0.0015313864076342187,0.0014492541067323429,0.0013015936251130403,0.0011233727419868872,0.0009363502869252412,0.0007546411465690153,0.0005872798145128036,0.0004396890147245722,0.0003146228247617587,0.00021283991856241335,0.00013361275208092094,7.513177225011446e-05,3.483846027953974e-05,9.708420242676249e-06,-3.4996808639381765e-06,-8.009562747810683e-06,-6.830394611722539e-06,-4.0671277168532745e-06,-1.9784970075412846e-06,-7.170276548413794e-07,-1.3346113539169198e-07,3.54885163737819e-08,3.0192711657383715e-08,-6.526496954125574e-10,-1.0003053076029154e-09,2.252247933262344e-09,-3.029614715736662e-09,3.5004252224153023e-09,-3.333979277999709e-09,2.2493735720525457e-09,1.864516913847207e-09,-1.768764057511846e-09,1.8196495600028378e-09,-2.8891973746654343e-09,4.6837063705516e-09,-4.463856559716265e-09,2.2721990166509416e-09,-1.640572731843149e-10,-2.320776121128865e-09,1.4418465495271708e-09,-1.46305524002908e-09,3.279326270825278e-09,-3.3135908895293433e-09,2.5989446038106175e-09,-1.7924289125384668e-09,-1.785594458359702e-09,1.6494936358156468e-09,-1.8418142561566362e-09,3.176847494614138e-09,-5.016781253725547e-09,4.220839169160818e-09,-1.929525844334878e-09,-6.377281215167212e-12,2.3121130794963296e-09,-1.3916771194733729e-09,1.4411691405486319e-09,-3.393287691553942e-09,3.3019852802337064e-09,-2.4614638318216802e-09,1.5983453043062461e-09,1.9033060412326086e-09,-1.5470294960718297e-09,1.7073209604382485e-09,3.2825596657985787e-10
-0.1465436291053942,-0.14449489471327476,-0.13678952701454938,-0.1290711777436457,-0.12125046687605338,-0.11340385439418957,-0.10559737940968833,-0.0978900901224244,-0.0903340970124455,-0.08297480944944147,-0.07585122739988497,-0.06899627649900143,-0.06243717272760909,-0.05619580479199523,-0.05028912408008596,-0.044729533812433005,-0.03952527064617508,-0.034680773450438455,-0.030197035220083695,-0.026071935074601014,-0.022300547922934285,-0.01887542954981588,-0.015786874336308467,-0.013023141084301878,-0.010570638542458353,-0.008414055072516833,-0.00653640980998007,-0.004919052476910505,-0.0035423855961403887,-0.002397256986571173,-0.0015493439986957913,-0.0009993258840135255,-0.000635061178480443,-0.0003895149692008306,-0.00022539430996407873,-0.00011839490840044757,-5.144340382966006e-05,-1.2155760694411536e-05,8.548630342180352e-06,1.730708836039975e-05,1.8898647134462497e-05,1.667006029837442e-05,1.2862529892649793e-05,8.872331520555912e-06,5.464553574871062e-06,2.9516391883694606e-06,1.3437414404319056e-06,4.747598698753768e-07,1.0566612025940397e-07,5.4391766350003675e-09,-3.659297023902125e-10,1.2158496523456454e-10,-1.6273162614734094e-10,-9.42438986930919e-09,-2.3246429516690814e-09,-3.592929633852729e-10,3.361527568155318e-10,4.929150073127936e-09,3.0206772135886227e-10,1.6828237391725614e-11,-2.6348615579401214e-10,9.77909181445241e-10,2.251505069357219e-09,-3.569624219330735e-09,8.770742250749722e-10,2.5085928514481877e-09,-1.6680364991476877e-09,2.8395367230255613e-10,1.7104914118406285e-09,-1.3577442286374866e-09,2.8490223842641334e-10,1.6157040788455562e-09,-1.2566884047105922e-09,2.5664207465753657e-10,1.249513545385107e-09,-1.2585575043468119e-09,3.3433746561569357e-10,1.1618286569458682e-09,-1.243782385936487e-09,3.3819505610523006e-10,8.846421326660373e-10,-1.2435685678943188e-09,4.2409291414110713e-10,7.582879849431626e-10,-1.2008577363569086e-09,4.1784172416559087e-10,5.356532444809104e-10,-1.1471263012015675e-09,4.71269484258469e-10,3.9066274721336347e-10,-1.0997585239240174e-09,4.698507850925103e-10,2.1866391582377016e-10,3.3967229440527556e-10
0.18531334351492054,0.1872145071702365,0.204117081795831,0.2189371937784606,0.2286526739976586,0.23338853509033652,0.23336006746662954,0.22887922799278512,0.220316466082145,0.20812203834223286,0.19278614292111262,0.17480702821547908,0.15467703178532932,0.1328791689519653,0.10988780524797741,0.0861697234026867,0.062184025949026826,0.038378874703297275,0.015189005306567426,-0.006961827554233767,-0.02766397304119333,-0.04654037756854833,-0.06318512183328227,-0.07724630423849398,-0.0884550191122108,-0.09664386415737837,-0.10175954379447054,-0.10386450350660119,-0.10312520285190487,-0.09978841862784242,-0.09415444025270171,-0.0865605811069294,-0.07735597401468285,-0.06688740392408435,-0.055493267915645905,-0.04350160435829588,-0.03122975121707346,-0.01898453730179327,-0.007061070307297803,0.004254102207129837,0.01468352918839241,0.0239640978625153,0.03183611438823283,0.03808010670808883,0.042541782430539424,0.04515606496154194,0.0459591565846175,0.04507924322440619,0.0427093078581948,0.039079096242836744,0.03443343005772956,0.02901710072509233,0.023068323382002057,0.016816544408952683,0.010482028389514998,0.004275852726553263,-0.001599795567586433,-0.006951139258656056,-0.011595333976032001,-0.015361655266899733,-0.01811110781791864,-0.019760218703577265,-0.02030392629074772,-0.0198197420100133,-0.018445804107068104,-0.01635039606217583,-0.013709811988673692,-0.010696856321353119,-0.00747697064795287,-0.004207386779640501,-0.00103707230343645,0.0018932597887871406,0.0044516500586231095,0.006517197474905732,0.007987681879827433,0.008798347850589075,0.008944446951369332,0.008488819161919204,0.007540921310276147,0.0062274624475085446,0.004674547536452628,0.0030015370505544333,0.0013199368346088886,-0.0002666245708052399,-0.0016625677728415395,-0.0027816432593610616,-0.003551133857256546,-0.0039244280451540044,-0.003900789127424344,-0.003533378200679051,-0.0029085619391894585,-0.0021193459823700424,-0.00125323507229255,-0.00038997479678708755,0.0003983913339097398,0.0010477593310472119,0.001503742725932781,0.0017278426194550468,0.0017121269651956122,0.0014914783003978289,0.0011294649800409166,0.0006932056136950619,0.00024295775579466885,-0.00016877236135091466,-0.0004970466197913566,-0.0007057088506781641,-0.0007725449633832211,-0.0007016836065670395,-0.0005294921507968233,-0.0003052961867762804,-7.354602644149804e-05,0.00012910171892429174,0.0002733306128800435,0.0003384950363646631,0.0003186915320399107,0.00023248880670756906,0.00011486101518794919,-2.205307137537161e-06,-9.44134079919509e-05,-0.00014452433508695532,-0.0001443173082968787,-0.0001014982663567685,-3.9807203851946926e-05,1.7887059864343443e-05,5.612653562160668e-05,6.612607991869148e-05,4.8324276059137904e-05,1.6557024833928307e-05,-1.2258808042204501e-05,-2.7929698594876686e-05,-2.6418668707759705e-05,-1.1797936342731895e-05,3.989250539630805e-06,1.2405169565080466e-05,1.285461447438272e-05
0.04342730399911309,0.0402961701797942,0.009405843153371531,-0.05142175721873003,-0.10725164914424912,-0.15835047985252837,-0.20382562621396325,-0.2431732608622476,-0.27601318178736967,-0.30200879973975137,-0.3208998907897549,-0.33262908437524813,-0.3374554302819105,-0.33591847514494627,-0.3286776505967035,-0.3163710301726336,-0.29960370521433644,-0.2789250537526149,-0.25483472554944764,-0.2278001040900587,-0.19827604835211526,-0.16672447028595427,-0.13363271238637395,-0.09952875020999775,-0.06498944532827078,-0.030635465553465968,0.0028847605949231386,0.034922539502245026,0.06497163011883572,0.09238445412782298,0.11642341593761746,0.1364006243424302,0.15173399939282767,0.16209544612054852,0.1675452445760388,0.16847023997074703,0.16539264013895127,0.1588296721196119,0.14926017705310687,0.13712676696998777,0.12284326327209778,0.10680528545776247,0.08939924613583036,0.07100878637473947,0.052018624408343275,0.03281609301874305,0.013790550739533905,-0.004666896885320751,-0.022161842959465425,-0.038333081212964235,-0.052705878642766366,-0.0647393352717259,-0.07389262257614615,-0.07981112555277001,-0.08252409223247065,-0.08235688144010109,-0.0797150341717872,-0.07497930975796081,-0.06849700971461523,-0.060589275287574865,-0.051559396539900215,-0.041699020194785115,-0.031292171117130056,-0.0206177872523394,-0.009951526226596757,0.00043242035528565613,0.010257377293428389,0.019246902948455488,0.027080712752922044,0.033380364229617446,0.03776397718579842,0.040041305601806694,0.04035304713743077,0.03900188483718672,0.036287145673698305,0.032473736121938816,0.027801276650537093,0.022493337232930764,0.016763246052374066,0.010817538448527243,0.00485831570178286,-0.0009145035854553488,-0.006299519347729211,-0.011090399905652724,-0.015051011597124807,-0.01791201474029119,-0.019452026984668913,-0.01968791781220328,-0.01883616750968198,-0.017129734031388916,-0.014768328550735886,-0.011928246888699203,-0.008772351858537135,-0.00545541779537945,-0.002127125663710743,0.0010656101599528182,0.003975477526040737,0.006449906163613028,0.008316149991651874,0.009393252178017343,0.009612902165332083,0.009107608058173263,0.008059907838811988,0.0066224674232301835,0.004925672123554753,0.003088397473917387,0.0012229816753859806,-0.0005621185013977698,-0.002159803332938214,-0.003460290788586497,-0.004342788894534623,-0.0046950127152143905,-0.0045276612294568915,-0.003974530126256986,-0.003162173679416937,-0.002191469663963638,-0.0016202022931087149
