t,x_true,x_3rd_order,x_7th_order
0.0,1.0,1.0,1.0
0.6012024048096193,0.8680739869354811,0.8671985926788361,0.8680679173511965
1.2024048096192386,0.7211974884703619,0.7178462925377084,0.7211780270574366
1.8036072144288577,0.5701246751626717,0.5623001853517695,0.5700913448296883
2.404809619238477,0.4219974959509302,0.4071013428918906,0.4219501824269474
3.0060120240480965,0.28015543069838544,0.2553770815186735,0.28008962703935497
3.6072144288577155,0.14492004549252413,0.10780079231842189,0.14482795768691029
4.208416833667335,0.014705852708010336,-0.03638752208564358,0.014580537029868633
4.809619238476954,-0.11294478446622633,-0.17849041262745852,-0.11310617531566117
5.410821643286574,-0.24050271785925564,-0.3195949233424143,-0.2406979406750619
6.012024048096193,-0.3697029601343403,-0.45988694450891454,-0.3699260691995893
6.6132264529058125,-0.5008263129470599,-0.5980023048460432,-0.5010696673397661
7.214428857715431,-0.6320275453802606,-0.7304702108031664,-0.6322827319640127
7.81563126252505,-0.7588902457878922,-0.8514426843628602,-0.759145670764752
8.41683366733467,-0.874521809034756,-0.9530268763509947,-0.8747584994462343
9.01803607214429,-0.9704487702012657,-1.0265056758310742,-0.9706393501910158
9.619238476953909,-1.0382477317779282,-1.064394278149327,-1.0383624968717704
10.220440881763528,-1.0714370353425597,-1.062691196396461,-1.0714535646176553
10.821643286573147,-1.0669973792550131,-1.022273013655082,-1.0669059965292556
11.422845691382767,-1.0260782455767288,-0.9486647635908895,-1.025880919336756
12.024048096192386,-0.9537448793274064,-0.8503250667212456,-0.9534522352374927
12.625250501002006,-0.8578511854997813,-0.7363732288281655,-0.8574812695131497
13.226452905811625,-0.7473447834667036,-0.6147465934974224,-0.7469218170436873
13.827655310621244,-0.6305273249638472,-0.49125585506085756,-0.6300768897432109
14.428857715430862,-0.5138119017115588,-0.3694562456311987,-0.5133537945130279
15.030060120240481,-0.40124016064025936,-0.25100321650861646,-0.4007834770022134
15.6312625250501,-0.2946502999102613,-0.13618224056137812,-0.2941932413797986
16.23246492985972,-0.1941894500249478,-0.024428301219879933,-0.1937225087632674
16.83366733466934,-0.09889158083092572,0.0852323786734086,-0.0984017135588837
17.43486973947896,-0.007170485712036361,0.1938173994199982,-0.006644780402668374
18.03607214428858,0.08280570176189823,0.302070543211518,0.08337764185092739
18.637274549098198,0.17282919420571774,0.4101610000213099,0.17345370891512635
19.238476953907817,0.2644064616176143,0.5173873906647081,0.2650852400388909
19.839679358717436,0.3585047297250803,0.6219087898927265,0.3592340252666694
20.440881763527056,0.455266476528587,0.7205734352562404,0.4560364688000077
21.042084168336675,0.553704474407247,0.8089632645524055,0.5544980097233884
21.643286573146295,0.6514452961173769,0.8817873542191723,0.6522358870056028
22.244488977955914,0.7446452521687154,0.9336870720417222,0.7453953853597782
22.845691382765533,0.8282226180318211,0.9603419036303791,0.8288839242346893
23.446893787575153,0.8964842917574162,0.95954876588623,0.8970020339233773
24.048096192384772,0.9440743374691165,0.9318472491545121,0.9443964852685991
24.64929859719439,0.9670111324837046,0.880409022341786,0.9670991571160528
25.25050100200401,0.9635144748250309,0.8102456893969598,0.9633516010706599
25.85170340681363,0.9343878855601682,0.7270884708712193,0.9339821752281856
26.45290581162325,0.8828596549977287,0.6363586726524911,0.8822420778461403
27.05410821643287,0.8139357531467448,0.5424944030269419,0.8131542902344062
27.65531062124249,0.7334508957078661,0.4486813227470621,0.7325618896007672
28.256513026052108,0.6470889001868927,0.3568895822122187,0.6461471756059174
28.857715430861724,0.5596295670718859,0.2680775568473431,0.5586798312558643
29.458917835671343,0.47455976348404694,0.18244949015623685,0.47363162164851785
30.060120240480963,0.3940320497662365,0.09970064207247895,0.3931392705453545
30.661322645290582,0.3190529561431712,0.019223154564971073,0.31819588886485467
31.2625250501002,0.24976548997572923,-0.059729417281648246,0.24893478494138271
31.86372745490982,0.18572762256216868,-0.13790907934152988,0.18490795211625877
32.46492985971944,0.1261386242135753,-0.21595832485295638,0.12531159950690665
33.06613226452906,0.0700021366820763,-0.2943005174484188,0.06914836781817352
33.66733466933868,0.016234249860676182,-0.37302730633171505,0.015334537782545541
34.2685370741483,-0.03626781001542375,-0.45178160946070733,-0.03723158205660148
34.86973947895792,-0.08858090527661297,-0.5296451728309677,-0.08962519831955937
35.47094188376754,-0.1417212117954505,-0.6050535410287938,-0.14286023348594357
36.07214428857716,-0.19660777022938983,-0.6757759736453842,-0.19785268794688113
36.673346693386776,-0.25401422170469196,-0.7390070631253398,-0.2553720179928583
37.274549098196395,-0.3145002786805028,-0.7916090780611007,-0.31597219608559224
37.875751503006015,-0.3783172188689643,-0.8305103195192259,-0.3798965822448095
38.476953907815634,-0.44528748920664696,-0.8532040152379753,-0.4469570449059397
39.078156312625254,-0.5146690661051728,-0.8582286424858859,-0.5163980120854432
39.67935871743487,-0.5850312132546305,-0.8454822040299045,-0.5867725820234072
40.28056112224449,-0.6541864258898473,-0.8162608662426565,-0.6558758462088388
40.88176352705411,-0.7192350323313678,-0.7730087366647258,-0.7207921806735648
41.48296593186373,-0.7767699367727408,-0.7188692781190495,-0.7781043128791068
42.08416833667335,-0.8232522996312299,-0.6571830524924088,-0.8242733007458201
42.68537074148297,-0.8555087643857003,-0.5910628037337698,-0.8561388297445474
43.28657314629259,-0.8712453370838796,-0.5231171478879482,-0.8714330509466122
43.88777555110221,-0.8694500651056941,-0.4553300983212727,-0.8691795657073428
44.48897795591183,-0.8505794733750034,-0.38906223235768833,-0.84987363149059
45.09018036072145,-0.8164815492243098,-0.32512586894134954,-0.8153981517912802
45.69138276553107,-0.7700788884661025,-0.26389189168967686,-0.7687010503460994
46.292585170340686,-0.7148978399030808,-0.2053999587186349,-0.7133209353784592
46.893787575150306,-0.6545638516324598,-0.14945630230988632,-0.652882178491052
47.494989979959925,-0.5923771695837863,-0.09571344190032166,-0.5906731275199815
48.096192384769545,-0.5310400813968725,-0.043731937918281096,-0.5293776314067932
48.697394789579164,-0.47254925145489207,0.006972919776540645,-0.47097187468515866
49.29859719438878,-0.4182205179048667,0.056894983675265055,-0.41675268711350877
49.8997995991984,-0.3687937458973099,0.10650887269110888,-0.3674443488064161
50.50100200400802,-0.32456853075270065,0.15624364074047478,-0.3233348927780876
51.10220440881764,-0.28553672862601875,0.2064571985101889,-0.28440833270910604
51.70340681362726,-0.25149421553668655,0.25740809400969955,-0.2504556754155169
52.30460921843688,-0.22212642710281996,0.3092229720100888,-0.2211596359508847
52.9058116232465,-0.19706929393441164,0.36185966791853535,-0.19615480610167427
53.50701402805612,-0.17594998149773536,0.41506704636664915,-0.17506785251166634
54.10821643286574,-0.15841268645639997,0.4683454240615871,-0.1575428867082057
54.70941883767536,-0.14413383248544573,0.5209147357123924,-0.14325635526807964
55.31062124248498,-0.1328302390381963,0.5717005604280074,-0.13192500499153387
55.9118236472946,-0.1242628202207454,0.6193513274837057,-0.1233094732260867
56.513026052104216,-0.11823760937494393,0.6622991415274859,-0.1172152300495707
57.114228456913835,-0.1146052962353412,0.6988721381485248,-0.11349206615390352
57.71543086172345,-0.11326004361482822,0.7274553521123654,-0.11203288415790358
58.31663326653307,-0.11413804142583808,0.7466814895343761,-0.11277224275130358
58.91783567134269,-0.11721604841806103,0.7556178025098869,-0.11568489790803724
59.519038076152306,-0.12251002749456825,0.7539077848500804,-0.12078443862763102
60.120240480961925,-0.13007381560553297,0.7418318066205486,-0.1281220044952542
60.721442885771545,-0.13999768638080637,0.7202707145270368,-0.13778495247472564
61.322645290581164,-0.15240653176591198,0.6905824368035178,-0.14989513035675836
61.92384769539078,-0.16745723447869124,0.6544237112468769,-0.16460649856719461
62.5250501002004,-0.18533456955061198,0.6135584945073543,-0.18210127045090907
63.12625250501002,-0.2062446736984206,0.5696894877952258,-0.2025839984579943
63.72745490981964,-0.23040511497507765,0.5243352615024226,-0.22627227875263609
64.32865731462927,-0.258029609067355,0.47875950129341555,-0.2533824027547752
64.92985971943888,-0.2893058094349043,0.4339465183215923,-0.2841085666079841
65.5310621242485,-0.3243638855792841,0.3906109540510708,-0.3185931068013348
66.13226452905812,-0.36323412252649107,0.3492284069936324,-0.35688592547674214
66.73346693386775,-0.40579240501550046,0.3100756867698888,-0.39889202878684915
67.33466933867736,-0.4516950695172597,0.2732725667919579,-0.44430792606948366
67.93587174348698,-0.5003082655310797,0.23882033477888365,-0.49255126027666496
68.5370741482966,-0.5506428020918321,0.2066346665147038,-0.5426937442250653
69.13827655310622,-0.6013119072061079,0.1765721213450541,-0.5934137271701612
69.73947895791584,-0.6505344286356188,0.14845065627590626,-0.6429903784205921
70.34068136272546,-0.6962054439064881,0.12206477568953863,-0.6893622711873704
70.94188376753507,-0.7360468931256137,0.0971966450453268,-0.7302652905031977
71.5430861723447,-0.7678318670218536,0.07362347608248937,-0.7634467800098453
72.14428857715431,-0.7896518248574136,0.05112269656113374,-0.7869294573368238
72.74549098196394,-0.8001764089042436,0.029475089412499544,-0.7992765072500826
73.34669338677355,-0.798849075869835,0.008466627128352115,-0.7998011465315829
73.94789579158318,-0.7859728844626732,-0.012110560075909983,-0.7886718017193127
74.54909819639279,-0.7626666227155965,-0.03245773646736682,-0.7668885418934145
75.15030060120242,-0.7307026944256106,-0.05276939217896506,-0.7361371821798162
75.75150300601203,-0.6922659800293685,-0.07323313246371221,-0.6985568204611515
76.35270541082166,-0.6496875647182785,-0.09402938033829171,-0.656473363698847
76.95390781563127,-0.6052060707248416,-0.11533071187739426,-0.6121533710364127
77.55511022044088,-0.5607929494889284,-0.13730071683226439,-0.5676177577025706
78.15631262525051,-0.5180557523585744,-0.1600920544211581,-0.5245330419927984
78.75751503006012,-0.4782125941680127,-0.18384359403896852,-0.48417600639836234
79.35871743486975,-0.4421189581998939,-0.20867642557132585,-0.4474540773769924
79.95991983967936,-0.4103246984920092,-0.23468835284087383,-0.4149591292081755
80.56112224448898,-0.3831421694796334,-0.26194699077677225,-0.3870350458598492
81.1623246492986,-0.3607126457067769,-0.2904808264983494,-0.3638450315935419
81.76352705410822,-0.3430637363647118,-0.3202687174102686,-0.3454305932820134
82.36472945891784,-0.3301549157541203,-0.35122771592466595,-0.331758984854711
82.96593186372746,-0.3219111767758744,-0.3831996120394965,-0.3227585756901045
83.56713426853707,-0.31824585057232335,-0.415937444120777,-0.3183432503767565
84.1683366733467,-0.31907417896703355,-0.44909334663636014,-0.31842734300654635
84.76953907815631,-0.32431890513501843,-0.4822096862939768,-0.3229324183648613
85.37074148296594,-0.33390883155692336,-0.5147166379509089,-0.3317869688721362
85.97194388777555,-0.34777080442457564,-0.5459390572295217,-0.3449194536389291
86.57314629258518,-0.3658150336912897,-0.5751156890538479,-0.362244914072326
87.17434869739479,-0.3879139888715072,-0.6014326582693479,-0.3836450257153955
87.77555110220442,-0.41387440152698757,-0.6240712510591546,-0.4089412395496305
88.37675350701403,-0.4434031799636704,-0.6422671379776199,-0.43786183933035516
88.97795591182366,-0.4760689944700002,-0.6553750049226573,-0.4700042097190655
89.57915831663327,-0.5112634537279596,-0.6629298750588034,-0.5047955426897638
90.1803607214429,-0.5481675096445424,-0.6646952957863691,-0.5414577524607543
90.78156312625251,-0.5857325264524826,-0.6606898311066843,-0.5789850880407633
91.38276553106213,-0.6226862348524562,-0.651186911619693,-0.616144659597402
91.98396793587175,-0.6575735012533823,-0.6366880134306259,-0.651510214714183
92.58517034068137,-0.6888377727067339,-0.6178743289720475,-0.68353609205084
93.18637274549098,-0.7149411684184312,-0.5955455512183686,-0.7106708753090472
93.78757515030061,-0.7345105443202129,-0.570555554231759,-0.731500350135578
94.38877755511022,-0.7464875814761452,-0.5437536547992957,-0.7448989593530294
94.98997995991985,-0.7502554933866251,-0.5159374394372918,-0.7501628738897205
95.59118236472946,-0.7457168913477256,-0.48781992702468485,-0.7470983791324682
96.19238476953909,-0.7333065560441231,-0.4600110171617518,-0.7360469437791549
96.7935871743487,-0.7139365561627877,-0.43301123091937666,-0.7178420072980632
97.39478957915833,-0.688885677456161,-0.40721478521285437,-0.6937068104568115
97.99599198396794,-0.6596560265148564,-0.3829189013051059,-0.6651147720696141
98.59719438877757,-0.6278236649792299,-0.3603365468992637,-0.6336391052668722
99.19839679358718,-0.5949074875313217,-0.3396104746440818,-0.6008169236786878
99.7995991983968,-0.5622721648358546,-0.32082722479044096,-0.568045317676875
100.40080160320642,-0.5310708345610943,-0.3040297079311149,-0.5365170299008265
101.00200400801604,-0.5022245696445773,-0.2892285539669492,-0.5071939634652822
101.60320641282566,-0.47643008623224287,-0.27641144425335107,-0.4808106873422131
102.20440881763528,-0.4541853972553151,-0.2655507443136068,-0.4578977020827987
102.8056112224449,-0.43582399942598415,-0.2566097043128648,-0.43881469361530345
103.40681362725452,-0.42155013416687626,-0.24954703396994854,-0.42378629759738545
104.00801603206413,-0.4114708740772159,-0.24432050453454673,-0.41293450431722983
104.60921843687376,-0.40562193718967177,-0.2408894004887865,-0.4063062182648004
105.21042084168337,-0.4039862466938212,-0.23921624378301962,-0.4038928229719386
105.811623246493,-0.40650530304305804,-0.2392677236430655,-0.4056429879348228
106.41282565130261,-0.4130831948078265,-0.24101511634793402,-0.4114679407851398
107.01402805611224,-0.4235840681761861,-0.24443411435448675,-0.4212401921239294
107.61523046092185,-0.43782337751815,-0.24950416001634299,-0.43478567991815564
108.21643286573148,-0.45555390047537037,-0.2562073312347512,-0.45187113542869284
108.81763527054109,-0.4764479864275341,-0.2645266931394449,-0.4721864110322622
109.41883767535072,-0.5000772032374495,-0.2744441315107944,-0.4953248517529011
110.02004008016033,-0.5258931427512633,-0.28593766301942064,-0.5207634140202514
110.62124248496995,-0.5532127262350958,-0.2989780605336494,-0.5478467039026589
111.22244488977957,-0.5812131345741326,-0.3135249419372818,-0.5757796266169575
111.8236472945892,-0.6089416697168046,-0.3295221196002476,-0.6036338465589668
112.4248496993988,-0.6353450541501862,-0.3468923669147048,-0.6303729824901104
113.02605210420843,-0.659320470725825,-0.3655317467144059,-0.654899371937549
113.62725450901804,-0.6797868157417439,-0.3853033990628826,-0.6761216995652594
114.22845691382767,-0.6957697464479434,-0.40603176977262706,-0.6930380890784774
114.82965931863728,-0.7064896042151773,-0.42749685820807803,-0.7048245960873439
115.4308617234469,-0.7114386694749847,-0.4494300801525317,-0.7109156764643526
116.03206412825652,-0.7104343359814125,-0.47151195181437255,-0.7110629907329395
116.63326653306613,-0.7036384182038941,-0.4933728519583898,-0.705361831597721
117.23446893787576,-0.69153903763663,-0.5145977526422452,-0.6942402213589249
117.83567134268537,-0.6748985070211558,-0.5347358056077244,-0.6784127351109244
118.436873747495,-0.6546768404673206,-0.5533152177971957,-0.6588077442521931
119.03807615230461,-0.6319440004943531,-0.5698633160153369,-0.636480675239802
119.63927855711424,-0.6077942879364941,-0.5839308762632511,-0.6125269992193526
120.24048096192385,-0.5832737116193148,-0.5951189109978543,-0.5880064448257392
120.84168336673348,-0.5593267969626132,-0.6031053188824779,-0.5638857828446883
121.44288577154309,-0.5367645671326212,-0.6076683321556552,-0.5410028115348148
122.04408817635272,-0.516251697086377,-0.6087037358694979,-0.5200501550594343
122.64529058116233,-0.4983085216258722,-0.6062334755071188,-0.5015748481470002
123.24649298597195,-0.48332277747118424,-0.6004043783160251,-0.48598863421058297
123.84769539078157,-0.4715662761723825,-0.5914771702936618,-0.4735840421399538
124.4488977955912,-0.46321266683067164,-0.579807403980988,-0.46455217148914896
125.0501002004008,-0.4583534623784625,-0.565820834191954,-0.45899928933110035
125.65130260521043,-0.4570106832910309,-0.5499863548075052,-0.45696023254828083
126.25250501002004,-0.4591452710504468,-0.5327895000434281,-0.4584075389038984
126.85370741482967,-0.4646608630917229,-0.5147089142218986,-0.4632563477765061
127.45490981963928,-0.4734032536064034,-0.4961973847739769,-0.47136449021382704
128.0561122244489,-0.48515608186170006,-0.477668147457603,-0.4825289712686835
128.65731462925854,-0.4996336998266674,-0.45948641371831045,-0.49647930309523014
129.25851703406815,-0.5164727459486278,-0.4419655271108613,-0.5128691352758696
129.85971943887776,-0.5352242647594854,-0.42536685568692184,-0.5312680772297798
130.46092184368737,-0.5553487985523566,-0.40990243265837883,-0.5511559429992324
131.062124248497,-0.5762172579812558,-0.39573935374401314,-0.5719221846090898
131.66332665330663,-0.5971203392607798,-0.3830051267385797,-0.5928732975447889
132.26452905811624,-0.6172887574924216,-0.37179351168574426,-0.6132506568663648
132.86573146292585,-0.6359253546497043,-0.3621698511945953,-0.6322601487107364
133.4669338677355,-0.6522482403372997,-0.35417654072659954,-0.6491131947049621
134.0681362725451,-0.6655417860317921,-0.34783713836712293,-0.6630764967098265
134.66933867735472,-0.6752100577149578,-0.3431604501702244,-0.6735255266793762
135.27054108216433,-0.6808257469151646,-0.34014328956851486,-0.6799949988622678
135.87174348697397,-0.6821674065363262,-0.3387728405070173,-0.6822190647760488
136.47294589178358,-0.6792390735212588,-0.3390280772737262,-0.6801549367223775
137.0741482965932,-0.6722690369333395,-0.34088060447519386,-0.673986018914674
137.6753507014028,-0.6616879547509175,-0.34429480100538906,-0.6641041343160776
138.27655310621245,-0.6480898700252503,-0.3492274156002518,-0.6510735170717062
138.87775551102206,-0.6321821865982494,-0.35562646274128223,-0.6355825064506203
139.47895791583167,-0.6147317564988858,-0.3634299699613726,-0.6183898263728579
140.08016032064128,-0.5965138236703132,-0.3725637457775354,-0.600272462665197
140.68136272545092,-0.5782689959133613,-0.38293947139355394,-0.5819806907308507
141.28256513026054,-0.5606711566513253,-0.3944519267669872,-0.564203639215698
141.88376753507015,-0.5443070124435027,-0.4069766448248854,-0.5475465315718989
142.48496993987976,-0.5296661869421031,-0.4203673354221939,-0.5325188104626509
143.0861723446894,-0.5171396569706206,-0.43445394635542134,-0.5195311066439958
143.687374749499,-0.5070238905150739,-0.44904125824602387,-0.5088984487474247
144.28857715430863,-0.4995281274796631,-0.46390853636164603,-0.5008471030865241
144.88977955911824,-0.49478263670926925,-0.4788106473962086,-0.49552279389130766
145.49098196392788,-0.49284635628863693,-0.49348088427843984,-0.49299860796953704
146.0921843687375,-0.493712884518999,-0.5076357966118891,-0.4932813705292679
146.6933867735471,-0.49731426300570125,-0.5209822425916593,-0.49631584784434096
147.29458917835672,-0.5035224636154625,-0.5332265474912772,-0.501986807251241
147.89579158316636,-0.5121489423279832,-0.5440854748611945,-0.5101188346766428
148.49699398797597,-0.5229428942612785,-0.5532984138355207,-0.520474834985599
149.09819639278558,-0.5355892025336244,-0.560639921259706,-0.5327538928260867
149.6993987975952,-0.5497074242687314,-0.5659315581627306,-0.5465899214878436
150.30060120240483,-0.5648532938815476,-0.5690518897073598,-0.5615524658746293
150.90180360721445,-0.5805243138477156,-0.569943605096364,-0.5771512599573104
151.50300601202406,-0.5961708455984914,-0.5686169725855879,-0.5928460114708926
152.10420841683367,-0.6112136221866934,-0.565149255497059,-0.6080624652658898
152.7054108216433,-0.6250677940803879,-0.5596800247295834,-0.6222150619272864
153.30661322645292,-0.6371725316604995,-0.5524030876060194,-0.6347354693003108
153.90781563126254,-0.6470240099144104,-0.5435557174453055,-0.6451050694969281
154.50901803607215,-0.6542085470280176,-0.533406342016702,-0.6528883723292722
155.11022044088176,-0.6584320410006862,-0.5222418212954897,-0.6577635833189269
155.7114228456914,-0.6595418731422049,-0.510355321136831,-0.6595464274670476
156.31262525050101,-0.657538227000901,-0.49803557105097296,-0.6582039419024188
156.91382765531063,-0.6525731650605351,-0.4855580341088841,-0.65385621123012
157.51503006012024,-0.6449375752300395,-0.4731782305340644,-0.6467659001054942
158.11623246492988,-0.6350378269826096,-0.46112720195306406,-0.637316793900184
158.7174348697395,-0.6233653039502569,-0.44960893320451745,-0.625984593180582
159.3186372745491,-0.610462652353169,-0.4387994414212058,-0.6133035341507664
159.91983967935872,-0.5968905294662277,-0.4288471596758908,-0.5998327439769469
160.52104208416836,-0.5831979603788132,-0.41987421016076637,-0.5861256239712709
161.12224448897797,-0.5698983540789097,-0.41197832673294665,-0.5727045566437485
161.72344689378758,-0.5574520696873339,-0.405235076069236,-0.5600420688096889
162.3246492985972,-0.546255397065499,-0.3997000668137679,-0.5485485121978229
162.92585170340683,-0.5366350712793203,-0.3954112432897253,-0.5385655109713147
163.52705410821645,-0.5288470250076511,-0.3923906725131078,-0.5303639407044908
164.12825651302606,-0.5230779641850326,-0.3906463712476152,-0.5241450273188978
164.72945891783567,-0.5194484596076273,-0.390173443631374,-0.520043220922412
165.3306613226453,-0.5180165009658364,-0.3909549931561392,-0.5181297266888688
165.93186372745492,-0.518780765446146,-0.392962764616024,-0.5184159105927765
166.53306613226454,-0.5216831702115672,-0.3961572151286626,-0.520855999469348
167.13426853707415,-0.5266105942003124,-0.40048742669876586,-0.5253489510979413
167.7354709418838,-0.5333960077971047,-0.4058907263525317,-0.5317397365938068
168.3366733466934,-0.5418194060886042,-0.41229204020927646,-0.5398202079322629
168.93787575150301,-0.5516092046320578,-0.41960329532615276,-0.5493303504985858
169.53907815631263,-0.5624449431440259,-0.42772262071927836,-0.559960568279245
170.14028056112227,-0.5739621333291126,-0.4365339001747461,-0.5713559774323584
170.74148296593188,-0.5857600592634894,-0.4459063460067132,-0.5831234662019987
171.3426853707415,-0.5974131157144874,-0.45569470385201755,-0.5948421880096193
171.9438877755511,-0.6084858801638663,-0.465739892944504,-0.6060777865462079
172.54509018036075,-0.6185515773807013,-0.4758703897163927,-0.6164001432756712
173.14629258517036,-0.6272129735928572,-0.48590451628448184,-0.6254038277974592
173.74749498997997,-0.6341241353074624,-0.4956536100099133,-0.6327298137183294
174.34869739478958,-0.6390110362636544,-0.5049261311552931,-0.6380865250995356
174.94989979959922,-0.6416888194603296,-0.5135326906389798,-0.6412680303373244
175.55110220440883,-0.6420736998970885,-0.5212917901323287,-0.6421672943192899
176.15230460921845,-0.6401880328191761,-0.5280360102874586,-0.6407828616246155
176.75350701402806,-0.6361578893581652,-0.5336182769123924,-0.6372181495977813
177.3547094188377,-0.6302034240923988,-0.5379178208670696,-0.6316733122053424
177.9559118236473,-0.6226232102824643,-0.5408453549347169,-0.6244308155673558
178.55711422845692,-0.6137743805769904,-0.5423470549973312,-0.6158363378906233
179.15831663326654,-0.6040507321975512,-0.5424069451971302,-0.606277146616419
179.75951903807618,-0.5938609221832976,-0.5410475346960363,-0.5961601120281711
180.3607214428858,-0.5836085366595709,-0.5383286643695709,-0.5858912427302978
180.9619238476954,-0.5736752775752757,-0.534344481422506,-0.5758581141203595
181.56312625250501,-0.5644079026858709,-0.5292190970075895,-0.5664159602840274
182.16432865731466,-0.5561089948656238,-0.5231009642390286,-0.5578776207913251
182.76553106212427,-0.5490312035462502,-0.5161567057134402,-0.5505070680439509
183.36673346693388,-0.5433743295952713,-0.5085646544720628,-0.5445159318461609
183.9679358717435,-0.539284513296801,-0.5005085756845716,-0.5400622898476739
184.56913827655313,-0.5368548059047079,-0.49217191974604607,-0.5372509844808423
185.17034068136275,-0.5361264944746527,-0.48373286462851733,-0.5361348286695076
185.77154308617236,-0.5370907443887073,-0.47536025152527234,-0.5367162472514959
186.37274549098197,-0.5396903321624338,-0.46721047551431355,-0.5389489499230848
186.9739478957916,-0.5438213897356059,-0.4594253005556629,-0.5427396715087087
187.57515030060122,-0.5493352783285737,-0.4521305428610315,-0.5479499949117704
188.17635270541084,-0.556040906843819,-0.44543543237432537,-0.5543985518245449
188.77755511022045,-0.5637078846612276,-0.4394325209080243,-0.561863909106974
189.3787575150301,-0.572070926330519,-0.4341980721599639,-0.5700886165200317
189.9799599198397,-0.5808359616886535,-0.429792657756753,-0.5787848964147204
190.5811623246493,-0.5896882901508897,-0.4262619371785964,-0.5876422822865686
191.18236472945893,-0.5983028852773297,-0.42363753965009976,-0.5963374085661738
191.78356713426857,-0.6063567154410421,-0.4219378073628843,-0.6045458770940023
192.38476953907818,-0.6135426042844259,-0.42116863263285614,-0.6119558056112987
192.9859719438878,-0.6195838226276973,-0.4213239857240299,-0.6182823253164903
193.5871743486974,-0.6242483259958266,-0.4223864807834242,-0.6232819981624497
194.18837675350701,-0.6273613948276091,-0.424327721275031,-0.6267659343926146
194.78957915831666,-0.6288154471101621,-0.427108516432932,-0.6286103607927941
195.39078156312627,-0.6285759955431998,-0.43067908292379087,-0.6287635461562486
195.99198396793588,-0.6266830918471309,-0.4349791367146141,-0.6272483113356905
196.5931863727455,-0.6232480822475848,-0.43993798362887404,-0.6241598918140037
197.19438877755513,-0.6184460277802791,-0.4454747258839566,-0.6196593199415715
197.79559118236475,-0.6125045913781959,-0.4514985415611137,-0.6139630001385373
198.39679358717436,-0.6056905010674174,-0.45790918550045007,-0.6073296731432768
198.99799599198397,-0.5982948636256317,-0.4645978068548183,-0.6000458817927765
199.5991983967936,-0.5906185428643055,-0.4714480003765687,-0.5924112452869147
200.20040080160322,-0.58295863097421,-0.47833736794289977,-0.5847246113672704
200.80160320641284,-0.5755967455991421,-0.4851394351681389,-0.5772718936488196
201.40280561122245,-0.5687895589026037,-0.49172598271082063,-0.5703160750202998
202.0040080160321,-0.5627616598093943,-0.497969839212561,-0.5640895442182107
202.6052104208417,-0.5577006073232188,-0.5037479773280937,-0.558788672479218
203.2064128256513,-0.5537538725562149,-0.5089448010332205,-0.5545703561930309
203.80761523046093,-0.5510272948473482,-0.5134555607245392,-0.5515501592860931
204.40881763527057,-0.5495846699649323,-0.517189676849515,-0.5498016801166046
205.01002004008018,-0.5494481204491285,-0.5200737239387035,-0.5493567687807752
205.6112224448898,-0.5505990303555941,-0.5220539639708411,-0.5502063225901278
206.2124248496994,-0.552979435362644,-0.5230982651797701,-0.5523016172057879
206.81362725450904,-0.5564938109499634,-0.5231971546418279,-0.5555559256257249
207.41482965931866,-0.5610113450351176,-0.5223640548318175,-0.559846731911207
208.01603206412827,-0.5663689115649438,-0.5206346273237884,-0.5650184699532517
208.61723446893788,-0.5723748901942561,-0.5180652437906759,-0.5708861020055421
209.21843687374752,-0.5788140478401983,-0.5147307213556624,-0.5772397422090618
209.81963927855713,-0.5854536818894519,-0.5107214814391204,-0.5838504748475084
210.42084168336675,-0.5920510492673146,-0.506140317330791,-0.5904774563813237
211.02204408817636,-0.5983620072876852,-0.501098881361531,-0.5968762644303288
211.623246492986,-0.604150602834069,-0.4957142469839373,-0.6028082852181273
212.2244488977956,-0.6091991640140452,-0.4901055526211512,-0.6080507239975662
212.82565130260522,-0.6133182842366695,-0.48439092041366283,-0.6124066669738828
213.42685370741484,-0.6163559789756355,-0.47868480516523304,-0.615714497823658
214.02805611222448,-0.6182052720758442,-0.47309573538677696,-0.6178559223644303
214.6292585170341,-0.6188095409180705,-0.4677244904911202,-0.6187619067980177
215.2304609218437,-0.6181651184777897,-0.46266277122507216,-0.6184159778188472
215.8316633266533,-0.6163209064125287,-0.4579922412895086,-0.6168545258477304
216.43286573146295,-0.6133750165928106,-0.45378389495594945,-0.6141641985826166
217.03406813627257,-0.6094687557203361,-0.4500977988648248,-0.6104764645655498
217.63527054108218,-0.6047785394935771,-0.4469829721690159,-0.6059599572842396
218.2364729458918,-0.5995063987419375,-0.44447749669781145,-0.6008112803398221
218.83767535070143,-0.5938698581149328,-0.44260874102782144,-0.5952449719470492
219.43887775551104,-0.5880918977563216,-0.44139360340715905,-0.5894833933016472
220.04008016032066,-0.5823916053796623,-0.4408388862103899,-0.5837471785284538
220.64128256513027,-0.5769759556318406,-0.44094156739661555,-0.5782467226979294
221.2424849699399,-0.5720329736680588,-0.44168916481538745,-0.5731750071644092
221.84368737474952,-0.5677263746021082,-0.4430600613442839,-0.5687018925461921
222.44488977955913,-0.5641916339569443,-0.4450237616104786,-0.5649698607957795
223.04609218436875,-0.5615333402617246,-0.4475412887068065,-0.5620910797954124
223.6472945891784,-0.5598236449856137,-0.4505655063522662,-0.56014561011709
224.248496993988,-0.5591016195676181,-0.45404150705111207,-0.5591805562753479
224.8496993987976,-0.5593733706090799,-0.457907147275514,-0.5592100262127576
225.45090180360722,-0.5606127717194922,-0.4620936083200701,-0.5602157225055141
226.05210420841686,-0.5627627176871609,-0.4665261755940531,-0.5621480234442708
226.65330661322648,-0.5657369932599514,-0.471125161038513,-0.564927769289501
227.2545090180361,-0.5694226954323016,-0.4758069802679112,-0.5684484635418443
227.8557114228457,-0.573683330829093,-0.4804855292305841,-0.5725792550236974
228.45691382765534,-0.5783626929468897,-0.4850736334593913,-0.5771685662618814
229.05811623246495,-0.5832895399148907,-0.4894847751671436,-0.5820485548406735
229.65931863727457,-0.5882830745792295,-0.49363495201868807,-0.5870404113460984
230.26052104208418,-0.5931592101211116,-0.4974445651648519,-0.5919604306703812
230.8617234468938,-0.5977374212136117,-0.5008404244263702,-0.5966267234961437
231.46292585170343,-0.6018479262266829,-0.5037576608020553,-0.6008663286089927
232.06412825651304,-0.605338838069289,-0.5061414599160627,-0.604522405486629
232.66533066132266,-0.608082854808927,-0.5079486571558635,-0.6074610724476704
233.26653306613227,-0.6099830291659485,-0.5091489374434109,-0.6095774467501924
233.8677354709419,-0.6109771961052751,-0.5097256761495119,-0.610800445353903
234.46893787575152,-0.6110407012736742,-0.5096763981894271,-0.6110959605139463
235.07014028056113,-0.610187210574693,-0.5090126570935112,-0.6104681240808599
235.67134268537075,-0.6084675059523275,-0.5077596182801876,-0.6089586406223837
236.2725450901804,-0.6059663926488987,-0.5059550516580921,-0.6066441624559261
236.87374749499,-0.602797986668908,-0.5036480439835481,-0.6036319111502823
237.4749498997996,-0.599099736487952,-0.5008973841516324,-0.6000540076381835
238.07615230460922,-0.5950256178981135,-0.49776970770728857,-0.5960608150824441
238.67735470941886,-0.5907390083979758,-0.4943375270220134,-0.5918138863614082
239.27855711422848,-0.5864056636515403,-0.49067724056756945,-0.5874788702085115
239.8797595190381,-0.5821871394249181,-0.4868671167496019,-0.5832188020078827
240.4809619238477,-0.578234951859289,-0.4829854849679847,-0.5791880655711462
241.08216432865734,-0.5746856322488689,-0.4791090065811841,-0.5755272214300509
241.68336673346695,-0.5716567548190984,-0.475311178951712,-0.5723588018600165
242.28456913827657,-0.5692439449113714,-0.4716610961004374,-0.5697840872849184
242.88577154308618,-0.5675187981787393,-0.46822235622601177,-0.5678807982336084
243.48697394789582,-0.5665276070329192,-0.4650522790083781,-0.5667016259253769
244.08817635270543,-0.56629082260729,-0.4622012745894895,-0.5662735278819108
244.68937875751504,-0.5668031978998385,-0.45971239097305694,-0.5665977355701147
245.29058116232466,-0.568034494583269,-0.45762108815602803,-0.5676502479764943
245.8917835671343,-0.5699307330386266,-0.45595502844351626,-0.5693830467708753
246.4929859719439,-0.5724160475238302,-0.4547341209017073,-0.5717256591669788
247.09418837675352,-0.57539503821025,-0.45397048710401416,-0.5745875235727832
247.69539078156313,-0.578755737290085,-0.45366867134779953,-0.5778606995091529
248.29659318637277,-0.5823731719417579,-0.45382571348667117,-0.5814232791068448
248.8977955911824,-0.5861134377721635,-0.45443146791990147,-0.58514336825567
249.498997995992,-0.5898383184666388,-0.4554687932229821,-0.5888835357797226
250.1002004008016,-0.5934102916081085,-0.45691384808961044,-0.5925057283742837
250.70140280561125,-0.5966977568283561,-0.4587365038592479,-0.5958764521127857
251.30260521042086,-0.5995802479742867,-0.46090069772376924,-0.598872015823893
251.90380761523048,-0.6019533813059964,-0.46336490318288726,-0.6013835729259424
252.5050100200401,-0.6037332581131503,-0.4660827008873749,-0.6033216711567222
253.10621242484973,-0.6048600333087039,-0.46900336944163556,-0.6046200547257454
253.70741482965934,-0.6053004034843338,-0.47207264558638434,-0.6052384526295065
254.30861723446895,-0.6050488205003728,-0.4752335280289799,-0.6051641546136641
254.90981963927857,-0.6041273816946375,-0.47842719744186635,-0.6044121938118739
255.5110220440882,-0.6025844079212752,-0.4815940721314132,-0.6030243138125443
256.1122244488978,-0.6004917424997511,-0.4846748527674526,-0.6010665421772585
256.71342685370746,-0.5979410760334529,-0.48761176107707294,-0.5986257684701041
257.3146292585171,-0.5950394986641124,-0.49034968075004265,-0.5958054723417975
257.9158316633267,-0.5919045473585122,-0.4928373973070287,-0.5927208534958008
258.5170340681363,-0.5886591016487586,-0.4950287748481418,-0.5894937871364988
259.1182364729459,-0.5854263876784661,-0.4968837990940549,-0.5862477594745172
259.7194388777555,-0.582325285779587,-0.4983696087933457,-0.5831030790989896
260.32064128256513,-0.5794661371807485,-0.49946122110756525,-0.5801725475190942
260.92184368737475,-0.5769471631537006,-0.5001421898217178,-0.5775577376793674
261.5230460921844,-0.5748515791830029,-0.5004049217165605,-0.5753459225310511
262.124248496994,-0.5732453800172078,-0.5002508320341956,-0.5736076768958351
262.72545090180364,-0.5721757780779574,-0.4996901544446834,-0.572395150865857
263.32665330661325,-0.5716702903001417,-0.4987416265379018,-0.571741028062543
263.92785571142286,-0.5717364484703608,-0.4974317841682,-0.5716580543644867
264.5290581162325,-0.5723619957913549,-0.49579420903096233,-0.5721390800304728
265.1302605210421,-0.573515647445396,-0.4938685071275134,-0.5731577711831807
265.7314629258517,-0.5751483503608521,-0.49169920947447693,-0.5746695940801844
266.33266533066137,-0.5771949738770118,-0.4893345973184902,-0.5766135441652829
266.933867735471,-0.5795765481064608,-0.4868254808654133,-0.5789141095439747
267.5350701402806,-0.5822028634376499,-0.48422398803496786,-0.5814838709454384
268.1362725450902,-0.5849755358583546,-0.4815824357655018,-0.5842263872067331
268.7374749498998,-0.5877914489076225,-0.47895220181072273,-0.5870395358237992
269.33867735470943,-0.590546419478069,-0.476382803844847,-0.5898191587528044
269.93987975951904,-0.5931390541854508,-0.47392097248204884,-0.5924628616169382
270.54108216432866,-0.5954746296252593,-0.47160995850056836,-0.594873883582258
271.14228456913827,-0.5974688128229928,-0.46948888201640593,-0.5969648731755572
271.74348697394794,-0.5990510081549599,-0.4675922421907242,-0.5986613723186561
272.34468937875755,-0.60016719369022,-0.4659495501949483,-0.599904792312053
272.94589178356716,-0.6007820774058469,-0.4645850176519635,-0.6006547376956081
273.5470941883768,-0.6008804105399042,-0.4635174227297571,-0.6008905727345846
274.1482965931864,-0.6004673585942917,-0.462759957453569,-0.6006120716433867
274.749498997996,-0.5995679996002707,-0.4623202634397029,-0.5998390706675752
275.3507014028056,-0.5982258848692228,-0.4622004266276941,-0.5986103822424302
275.9519038076152,-0.5965008024578144,-0.46239710985814936,-0.5969816541281883
276.5531062124249,-0.5944659362591154,-0.4629017294815235,-0.5950227564112305
277.1543086172345,-0.5922044821803344,-0.4637005989105316,-0.592814463181321
277.7555110220441,-0.5898060474164323,-0.46477527296269827,-0.5904449531832182
278.35671342685373,-0.587362953969486,-0.4661028304154015,-0.5880060935618153
278.95791583166334,-0.5849666092788639,-0.4676562179520214,-0.5855897694763478
279.55911823647295,-0.5827041250720583,-0.46940473352859324,-0.5832844682257831
280.16032064128257,-0.5806553287190931,-0.4713144441737559,-0.5811721619667112
280.7615230460922,-0.5788901743241522,-0.4733487831348601,-0.5793255946059598
281.36272545090185,-0.5774666297143081,-0.4754691011473546,-0.5778060533381296
281.96392785571146,-0.5764291004360503,-0.47763536415907704,-0.5766616780618214
282.5651302605211,-0.5758073657011391,-0.47980680606562665,-0.575926223187716
283.1663326653307,-0.575615951390783,-0.4819427299766402,-0.5756183168296178
283.7675350701403,-0.5758540350754852,-0.48400320958811044,-0.5757412826190319
284.3687374749499,-0.5765057960469696,-0.4859499477984266,-0.5762832806928732
284.9699398797595,-0.5775411473446722,-0.4877469739774738,-0.5772180411917621
285.57114228456913,-0.5789169578744665,-0.4893614663474628,-0.5785058305219222
286.1723446893788,-0.5805785704247576,-0.4907643867876825,-0.5800950277843304
286.7735470941884,-0.5824617805180952,-0.491931152889177,-0.581923853510195
287.374749498998,-0.5844950448158663,-0.49284213898952245,-0.5839226089908006
287.97595190380764,-0.5866020184825805,-0.49348310565855663,-0.5860160791526008
288.57715430861725,-0.5887043262202878,-0.49384547917820537,-0.5881262276033014
289.17835671342687,-0.5907243894634476,-0.49392650200443566,-0.5901750656639794
289.7795591182365,-0.592588331687996,-0.49372920641224444,-0.5920875119531487
290.3807615230461,-0.5942288064134308,-0.493262311973464,-0.593794231518309
290.98196392785576,-0.5955875711046887,-0.49253986218506435,-0.5952343169532457
291.58316633266537,-0.5966177209744064,-0.49158087571655706,-0.5963576341166733
292.184368737475,-0.5972855093992379,-0.4904087707152685,-0.5971267185716719
292.7855711422846,-0.597571584908646,-0.4890507303063658,-0.5975182066787952
293.3867735470942,-0.5974715720259146,-0.48753705734201636,-0.5975236266863061
293.9879759519038,-0.5969960780192748,-0.4859003680122011,-0.5971494860267207
294.58917835671343,-0.5961699743187976,-0.4841749035135079,-0.5964168508156892
295.19038076152304,-0.595031112010224,-0.48239569745476774,-0.5953601121992248
295.7915831663327,-0.5936285196064588,-0.48059790991441653,-0.5940254047405779
296.3927855711423,-0.5920201457798896,-0.4788160578832712,-0.592468395298632
296.99398797595194,-0.5902703791713635,-0.4770834365197765,-0.5907519058840646
297.59519038076155,-0.5884473247867483,-0.4754314713084865,-0.5889432096195608
298.19639278557116,-0.5866201139869358,-0.4738892613964638,-0.5871113513985177
298.7975951903808,-0.5848562930144824,-0.4724830884234154,-0.5853244991059116
299.3987975951904,-0.5832193540310032,-0.4712360939798223,-0.5836474160847474
300.0,-0.5817665758040437,-0.47016794684142565,-0.582139236402199
